Year,Month,Day,Hour,Min,Second,North,East,Depth(km),Richter tal
2017,3,7,14,47,9.7,57761,15001,4.6,2.6
2017,3,6,22,17,40.7,58041,8215,36.9,2.1
2017,3,6,13,2,2.8,56367,13228,0.0,2.4
2017,3,6,12,26,20.1,55662,13382,0.0,2.1
2017,3,3,13,34,58.4,57265,15736,0.0,2.5
2017,3,3,11,3,19.1,55659,13343,2.2,2.5
2017,3,2,16,26,49.5,56128,12434,28.7,2.6
2017,2,23,16,59,0.3,58104,5552,6.4,1.8
2017,2,23,14,13,9.2,58581,5551,8.2,2.0
2017,2,23,13,49,25.3,57488,12563,9.2,1.3
2017,2,23,12,37,14.0,57426,14788,0.0,0.8
2017,2,23,10,50,36.2,56246,14619,0.0,1.9
2017,2,22,14,19,26.3,58274,6379,0.0,2.5
2017,2,22,14,14,52.2,57660,15323,0.0,1.2
2017,2,22,13,54,23.2,57214,13593,19.9,1.7
2017,2,22,12,17,41.9,55719,13292,0.7,1.2
2017,2,21,13,1,44.1,57809,13395,0.0,1.2
2017,2,21,12,3,0.6,55503,13469,12.6,1.4
2017,2,20,16,54,25.2,58401,9050,8.8,1.5
2017,2,20,13,13,8.1,56531,14124,0.0,1.1
2017,2,20,10,37,2.0,57678,12307,5.2,0.9
2017,2,19,15,54,33.8,58996,15310,0.0,1.5
2017,2,19,14,19,27.7,57935,8379,14.9,1.7
2017,2,18,17,16,17.1,58815,17688,0.0,1.6
2017,2,18,15,17,30.1,58370,9102,15.0,1.2
2017,2,17,14,19,10.6,58240,6395,0.0,2.0
2017,2,17,12,14,56.9,58782,5195,112.5,2.2
2017,2,17,11,10,59.0,56189,13132,5.2,1.9
2017,2,16,14,50,55.2,58443,8797,9.2,1.5
2017,2,16,13,1,44.5,56314,13744,28.3,1.6
2017,2,15,14,9,45.5,56275,12941,0.0,1.7
2017,2,14,12,19,51.1,56198,15503,10.8,1.7
2017,2,14,11,6,34.4,55703,13315,1.5,1.6
2017,2,14,11,5,57.5,55686,13273,0.0,1.9
2017,2,10,11,16,6.8,56047,14002,0.0,1.4
2017,2,9,10,42,47.1,56187,14382,0.1,1.7
2017,2,8,13,6,29.0,56252,13021,0.0,2.4
2017,2,2,15,41,41.7,58448,8689,10.9,0.8
2017,2,2,15,31,16.9,58477,8741,5.5,1.5
2017,2,2,14,44,21.5,57584,5315,15.0,2.1
2017,2,2,13,5,38.9,56767,16364,0.0,2.2
2017,2,2,11,46,9.7,56433,14050,0.0,1.7
2017,2,1,14,0,6.9,57927,12041,0.0,1.3
2017,1,31,20,21,9.3,58002,8687,10.4,1.6
2017,1,31,14,17,34.1,58271,6190,3.7,1.1
2017,1,31,13,44,48.4,56806,14743,20.5,2.0
2017,1,31,13,3,5.7,57755,14217,0.0,1.1
2017,1,31,12,59,8.2,58857,9430,0.0,1.5
2017,1,30,13,45,11.0,58157,11981,0.0,0.9
2017,1,30,12,37,37.9,58589,16146,0.1,1.3
2017,1,30,11,53,35.8,57380,14418,0.4,2.1
2017,1,30,11,50,21.9,56274,12930,0.5,0.6
2017,1,27,14,11,39.4,58084,7470,13.0,2.0
2017,1,27,13,30,48.1,56202,14760,6.5,1.7
2017,1,27,12,15,35.7,58187,4796,102.6,1.9
2017,1,27,10,53,51.7,56046,14025,1.8,1.7
2017,1,26,11,9,22.2,56170,13106,4.5,2.1
2017,1,24,12,54,24.6,56201,14044,25.2,1.8
2017,1,23,14,55,13.5,56634,7769,0.0,3.2
2017,1,23,13,28,12.1,56068,13996,0.0,1.7
2017,1,20,13,29,25.0,56134,14511,9.8,1.9
2017,1,19,6,50,18.7,55428,15238,7.4,0.9
2017,1,19,6,48,30.9,55419,15238,9.8,1.8
2017,1,17,23,25,7.2,56708,11177,15.0,1.6
2017,1,17,11,4,50.4,55664,13368,2.7,1.8
2017,1,16,1,17,24.8,58273,7775,15.0,1.1
2017,1,12,16,3,21.7,57914,7230,21.0,2.4
2017,1,12,14,20,21.9,58486,6399,3.3,2.8
2017,1,12,9,41,21.4,58279,8180,0.0,0.9
2017,1,10,18,46,53.3,58383,8825,11.4,0.3
2017,1,10,10,10,22.3,55673,13312,2.7,0.9
2017,1,9,14,8,31.5,56601,15978,4.9,1.2
2017,1,9,13,36,15.7,56334,15018,15.0,1.4
2017,1,7,4,35,17.8,57836,8367,15.0,1.4
2017,1,4,5,11,1.4,57242,6975,15.0,2.3
2017,1,3,18,52,23.9,54770,2115,0.0,3.6
2016,12,23,12,10,11.9,56186,13119,1.6,2.1
2016,12,23,12,4,44.8,56175,13117,3.9,1.6
2016,12,22,14,43,44.9,58828,4893,94.1,1.7
2016,12,22,13,19,12.6,57275,14908,15.0,2.2
2016,12,22,12,12,43.4,56186,15454,2.4,2.2
2016,12,21,13,43,1.1,57711,11860,8.2,0.9
2016,12,21,13,5,15.0,56270,13031,0.0,1.1
2016,12,21,12,49,57.0,57718,12805,0.1,0.8
2016,12,20,14,3,9.9,56869,14682,0.0,1.6
2016,12,20,12,50,52.1,57224,14069,0.0,2.6
2016,12,19,14,29,59.3,58141,9100,0.0,1.6
2016,12,19,12,38,37.3,56946,12978,0.0,1.2
2016,12,18,7,35,56.7,57960,7474,0.0,0.7
2016,12,17,17,11,28.5,54399,11469,24.7,1.7
2016,12,17,15,41,21.5,58998,14853,0.1,1.9
2016,12,16,11,0,10.7,55666,13038,7.5,1.5
2016,12,15,9,45,44.0,55355,13170,0.0,2.0
2016,12,14,16,14,10.5,58558,8830,21.8,1.7
2016,12,13,12,31,47.1,56848,15073,0.0,2.5
2016,12,12,14,16,29.8,58201,6481,4.6,3.4
2016,12,12,12,28,5.3,56037,13924,4.2,1.0
2016,12,5,17,2,6.0,56319,11885,31.6,2.3
2016,12,1,10,57,59.5,55330,13209,10.3,1.9
2016,11,28,13,29,23.9,56216,14761,0.0,2.1
2016,11,25,12,4,17.2,55719,13253,1.8,2.2
2016,11,24,9,50,48.1,55581,13502,3.7,1.9
2016,11,23,12,5,53.9,56516,13692,1.9,1.6
2016,11,22,13,30,37.6,55914,13937,3.5,1.9
2016,11,21,14,12,55.8,56288,13996,0.0,1.7
2016,11,21,13,17,16.6,55975,13136,15.0,1.4
2016,11,19,15,46,9.3,55747,12485,24.7,2.2
2016,11,18,12,50,24.1,55582,13450,10.2,1.8
2016,11,17,7,25,46.7,57799,9572,15.0,2.4
2016,11,16,11,45,0.8,56256,13025,3.4,2.5
2016,11,15,14,18,50.9,56316,15629,15.0,1.5
2016,11,14,14,50,31.6,56603,16070,4.1,2.1
2016,11,14,14,17,21.6,58293,6407,5.1,2.1
2016,11,10,11,0,3.9,55707,13253,3.6,1.3
2016,11,9,19,56,23.8,57125,6981,79.3,2.4
2016,11,9,12,37,40.6,55889,13906,15.0,1.1
2016,11,9,12,24,6.5,56179,13145,3.6,0.6
2016,11,8,14,21,55.1,55757,13690,24.7,0.8
2016,11,8,12,47,25.5,56653,13861,58.8,0.1
2016,11,6,22,51,56.7,57023,11923,3.4,0.8
2016,11,4,15,19,53.6,58976,11441,0.0,1.3
2016,11,1,14,24,35.8,56282,15641,24.8,2.3
2016,10,31,13,30,23.3,56187,14715,0.0,1.5
2016,10,31,11,8,11.2,55612,13292,2.0,1.9
2016,10,28,10,30,31.0,56064,13998,0.1,2.2
2016,10,24,12,58,15.1,55722,13339,4.3,2.1
2016,10,20,13,39,44.2,56758,13820,5.0,1.6
2016,10,20,13,18,24.2,58576,6283,1.5,2.8
2016,10,20,13,6,28.3,58560,7404,0.0,1.7
2016,10,20,10,8,25.5,56275,14574,8.3,1.6
2016,10,19,14,16,58.7,58426,9170,9.1,2.2
2016,10,19,11,35,23.8,57863,12466,2.0,0.9
2016,10,18,17,14,30.1,58379,7478,8.6,1.8
2016,10,18,13,44,31.0,58713,5092,104.6,1.7
2016,10,18,13,18,31.1,58234,6341,3.8,2.5
2016,10,18,13,16,10.3,58219,6592,0.0,0.9
2016,10,18,12,35,31.7,58800,5200,38.7,2.2
2016,10,18,12,34,3.3,57759,12126,2.4,0.8
2016,10,18,9,25,1.5,56166,15642,8.3,1.3
2016,10,17,13,44,37.0,58790,5023,105.8,2.0
2016,10,17,12,49,9.4,57690,12333,5.0,1.2
2016,10,14,12,34,46.3,57674,12328,1.9,0.8
2016,10,14,12,30,49.7,56240,14741,12.4,1.8
2016,10,14,8,42,0.7,56786,14036,15.0,1.6
2016,10,11,14,39,38.1,56174,15712,4.8,2.3
2016,10,11,11,38,25.9,56207,15644,5.7,2.1
2016,10,7,10,0,6.0,56025,14003,0.1,2.2
2016,9,29,13,43,50.5,57448,5406,15.0,1.8
2016,9,29,12,52,57.7,57957,12663,1.3,2.0
2016,9,29,10,8,17.9,56033,14003,5.1,1.6
2016,9,28,13,18,14.4,57291,12400,5.5,1.9
2016,9,28,13,14,43.3,58465,6314,2.6,3.5
2016,9,28,10,58,46.6,56728,12780,0.1,0.2
2016,9,27,11,16,8.1,54237,16615,35.9,1.8
2016,9,27,9,58,25.5,55705,13351,3.4,1.6
2016,9,26,12,33,18.7,55552,13617,0.0,1.5
2016,9,26,12,3,29.9,57776,13442,0.6,1.8
2016,9,26,11,32,14.4,55661,13420,4.2,2.1
2016,9,26,1,17,35.6,58836,14711,111.5,1.4
2016,9,25,11,8,43.6,57795,6745,75.0,2.7
2016,9,24,14,28,10.3,58200,7329,16.5,1.1
2016,9,23,13,16,50.5,58581,6418,0.0,2.7
2016,9,23,13,1,2.1,56499,16052,19.0,2.1
2016,9,23,10,51,33.4,58452,5526,16.5,2.9
2016,9,23,8,0,50.7,57701,11753,9.3,0.8
2016,9,22,10,20,13.0,56041,13947,0.1,1.8
2016,9,21,12,25,49.9,56864,17035,36.4,2.4
2016,9,15,12,27,2.6,56063,13859,14.1,1.7
2016,9,15,11,14,25.3,54199,16858,19.7,2.0
2016,9,15,11,13,25.6,54502,16797,0.7,1.8
2016,9,15,10,30,48.5,56007,13581,0.0,2.0
2016,9,14,13,17,56.3,56053,13993,0.0,1.0
2016,9,14,11,4,11.7,55705,13288,0.1,2.0
2016,9,12,12,25,43.0,56172,14719,0.0,1.4
2016,9,9,13,15,41.8,58277,6787,15.0,2.3
2016,9,8,10,3,36.2,56187,13709,2.3,1.6
2016,9,2,12,29,31.0,56206,14747,10.0,1.4
2016,9,2,9,1,48.3,55710,13386,2.5,2.2
2016,9,1,14,32,29.9,58326,11903,1.1,1.0
2016,9,1,13,55,47.5,57661,12325,0.0,1.0
2016,9,1,13,3,0.1,58348,15631,0.0,1.0
2016,9,1,12,36,44.2,57664,12336,2.4,1.0
2016,9,1,11,24,38.6,57876,13323,0.0,1.1
2016,9,1,11,6,7.3,56764,15990,85.7,1.0
2016,8,31,13,18,8.7,58211,6504,0.0,2.5
2016,8,31,11,40,9.4,56206,15457,6.0,1.6
2016,8,31,10,43,9.8,56807,12935,0.0,1.6
2016,8,31,10,8,46.6,56531,13191,2.7,1.3
2016,8,30,13,40,3.8,57692,12825,1.0,2.1
2016,8,30,12,4,7.4,57633,14069,8.6,2.3
2016,8,29,17,21,56.8,58315,7459,0.0,0.9
2016,8,26,12,33,21.0,55656,13402,0.1,1.2
2016,8,26,11,6,6.3,56060,13965,0.0,0.9
2016,8,25,13,17,54.5,58344,6440,5.5,2.0
2016,8,19,7,42,10.7,56841,11325,20.3,1.6
2016,8,18,15,33,53.9,57949,5576,5.9,2.4
2016,8,18,15,0,12.7,58394,8731,14.6,1.8
2016,8,18,10,21,24.8,58873,6049,23.2,1.6
2016,8,17,13,22,6.0,57975,6145,18.3,2.5
2016,8,17,11,36,13.2,57751,14503,20.6,1.8
2016,8,16,12,59,12.9,57535,13061,13.0,2.4
2016,8,16,11,2,32.3,56785,14646,0.0,1.8
2016,8,16,2,30,47.4,57190,12187,10.4,1.8
2016,8,15,12,9,12.4,58276,6258,0.0,1.0
2016,8,15,11,43,11.5,58145,15061,9.2,1.9
2016,8,13,0,47,35.9,58130,6891,20.8,1.0
2016,8,10,10,46,26.8,56546,13921,0.0,1.5
2016,7,28,7,12,50.8,57667,12300,7.3,0.3
2016,7,21,15,36,56.4,58613,10984,700.0,3.7
2016,7,21,12,0,19.4,58779,5860,9.5,1.8
2016,7,20,18,21,58.3,57269,12353,11.5,2.5
2016,7,20,12,54,32.1,57663,12313,1.8,1.8
2016,7,19,11,30,8.9,58839,11086,3.8,2.0
2016,7,18,21,26,18.9,58459,11584,700.0,3.3
2016,7,16,17,44,41.3,58683,16823,152.8,3.0
2016,7,14,21,57,0.6,55796,12007,15.3,1.3
2016,7,14,13,49,30.7,58840,4920,119.6,1.6
2016,7,14,13,17,42.1,58842,9419,5.6,2.2
2016,7,14,13,1,29.6,58887,13662,0.0,2.5
2016,7,14,12,54,0.0,57745,12527,26.6,2.1
2016,7,14,12,27,25.6,56112,14677,14.6,1.4
2016,7,14,11,5,32.2,58342,13694,0.1,2.4
2016,7,13,11,6,59.8,56530,13180,0.0,2.1
2016,7,7,17,34,11.7,53184,17274,0.0,1.6
2016,7,6,12,39,14.9,58173,12036,0.0,1.5
2016,7,6,9,42,7.8,56419,13272,0.0,1.3
2016,7,5,13,8,57.2,58640,13535,0.0,2.2
2016,7,5,12,58,22.0,54285,16806,2.8,1.8
2016,7,5,12,43,42.5,57707,11846,2.8,2.1
2016,7,5,11,55,19.7,57302,12368,0.0,1.5
2016,7,5,9,59,20.6,55667,13420,1.4,1.5
2016,7,4,12,37,56.0,56190,14705,0.0,1.0
2016,7,1,13,21,6.0,57434,6101,14.2,3.0
2016,7,1,9,33,7.8,55695,13459,47.2,0.2
2016,6,28,23,34,29.4,57552,7272,64.2,3.0
2016,6,23,10,42,8.2,56008,13563,5.2,2.1
2016,6,23,8,47,2.6,57149,7438,30.2,2.3
2016,6,20,12,51,10.8,56055,14011,15.0,1.9
2016,6,18,10,49,20.3,54193,10301,39.9,2.5
2016,6,17,10,50,33.3,56573,15927,0.0,1.7
2016,6,16,18,50,0.2,57587,7377,56.0,1.8
2016,6,15,11,45,25.5,56531,13923,0.0,1.2
2016,6,15,10,36,4.0,56262,13035,0.0,1.8
2016,6,14,13,10,21.8,58542,8305,42.9,0.9
2016,6,14,11,12,55.0,56843,15009,0.0,1.5
2016,6,13,14,16,16.9,58330,8953,0.0,1.4
2016,6,13,13,38,46.7,58261,8522,4.4,1.9
2016,6,13,7,15,44.2,54484,14470,15.0,1.1
2016,6,10,13,10,7.2,58966,15260,0.0,1.8
2016,6,10,12,28,49.2,56155,14721,0.0,1.9
2016,6,10,11,12,2.4,56650,14565,20.9,1.8
2016,5,26,15,59,47.3,58006,5770,21.6,2.4
2016,5,26,14,9,34.7,58378,8728,24.5,2.1
2016,5,26,12,32,5.7,56177,14707,1.0,1.5
2016,5,26,9,15,50.4,55925,15543,22.5,0.7
2016,5,25,10,55,5.2,56744,12879,0.0,1.8
2016,5,25,10,8,37.6,56838,16149,0.0,2.2
2016,5,25,8,10,41.6,56434,10853,35.0,2.6
2016,5,24,13,3,41.1,57643,14152,0.0,2.1
2016,5,24,12,9,3.0,57673,14139,0.0,2.9
2016,5,24,9,12,57.5,56256,12989,1.1,1.7
2016,5,24,7,57,56.8,57312,11650,27.3,2.3
2016,5,21,16,4,4.0,58033,7812,0.5,2.3
2016,5,20,14,33,43.2,57938,7961,3.9,0.9
2016,5,20,13,42,27.6,58337,8857,0.0,1.2
2016,5,16,13,26,12.6,55689,13376,0.0,1.9
2016,5,11,11,53,59.0,56791,13076,4.0,2.4
2016,5,9,16,5,10.3,58949,12622,5.9,1.7
2016,5,1,17,48,29.7,54928,15569,14.6,1.4
2016,4,29,10,44,23.2,56196,14511,0.0,2.1
2016,4,28,11,1,26.6,58654,15169,0.1,1.0
2016,4,28,10,49,26.1,57289,12343,2.9,0.7
2016,4,27,13,17,47.3,56231,15464,9.1,1.4
2016,4,27,12,57,55.1,57687,12339,1.5,0.9
2016,4,27,12,42,1.6,57702,11831,15.0,0.9
2016,4,26,14,34,59.5,57903,17310,10.3,2.1
2016,4,26,11,38,1.5,57701,14495,0.0,1.1
2016,4,26,11,8,11.1,55934,13476,42.1,0.3
2016,4,23,15,23,1.6,56882,7957,73.5,2.0
2016,4,22,17,45,31.8,53118,9157,15.0,3.1
2016,4,22,13,14,53.5,58460,6470,0.0,1.5
2016,4,22,11,13,39.6,56141,13098,0.0,0.3
2016,4,22,11,4,57.0,56847,16387,0.9,0.4
2016,4,22,8,9,11.3,57425,11467,26.3,0.9
2016,4,21,17,42,27.8,58111,7299,16.9,0.8
2016,4,21,12,18,5.6,57324,14673,11.3,0.4
2016,4,21,10,11,16.9,55663,13366,3.6,2.0
2016,4,20,13,19,59.9,58350,6317,15.0,1.7
2016,4,20,10,45,55.6,56738,12908,0.0,0.8
2016,4,19,13,7,41.5,57674,12128,0.6,0.9
2016,4,19,9,29,27.1,57964,12621,0.0,4.0
2016,4,18,10,39,8.7,57352,14523,0.1,2.8
2016,4,18,1,42,34.3,57764,7794,31.7,1.1
2016,4,15,13,6,40.7,55720,13371,0.0,1.4
2016,4,15,13,3,6.1,55712,13089,50.2,1.6
2016,4,14,9,39,22.7,57614,10466,3.5,2.7
2016,4,7,13,44,42.0,58965,5099,85.7,1.5
2016,4,7,13,28,44.4,58890,15101,0.0,1.4
2016,4,7,12,21,6.7,56439,14022,67.7,0.9
2016,4,7,11,54,6.8,55585,13519,0.0,1.5
2016,4,7,11,52,31.5,55569,13516,3.0,0.9
2016,4,7,10,25,24.7,56957,14381,0.0,2.6
2016,4,6,14,35,48.4,58275,8541,11.3,1.2
2016,4,6,11,38,33.8,56830,14636,26.4,2.7
2016,4,4,11,41,2.0,56011,13559,0.0,2.1
2016,4,1,14,35,4.0,55573,14435,15.0,0.6
2016,4,1,14,2,10.7,58117,12655,0.9,2.4
2016,4,1,12,37,30.7,55875,14582,15.0,1.4
2016,4,1,12,8,10.6,58160,8170,2.8,0.8
2016,3,17,16,41,47.1,58918,5723,17.6,1.8
2016,3,17,14,16,19.2,58207,6387,14.1,1.6
2016,3,17,14,9,9.8,57770,12142,0.5,0.6
2016,3,17,13,3,34.1,57662,12311,7.5,0.8
2016,3,17,11,53,19.4,57472,7384,22.1,1.7
2016,3,17,11,1,18.8,58733,4953,108.1,1.8
2016,3,17,10,25,58.8,56792,12661,0.0,0.2
2016,3,15,23,41,12.8,58098,7879,2.3,0.7
2016,3,15,14,14,20.4,58445,6749,0.1,0.8
2016,3,15,12,58,45.2,57216,13293,144.7,2.5
2016,3,15,9,27,5.6,57300,13913,15.0,0.5
2016,3,14,16,28,29.6,58685,14387,0.0,0.9
2016,3,14,12,50,11.9,56730,12865,0.0,0.7
2016,3,11,12,45,14.7,56200,13128,0.0,0.8
2016,3,11,13,12,37.6,56168,16153,32.6,1.0
2016,3,9,11,22,1.5,55657,13407,0.0,2.0
2016,3,4,10,3,17.5,55724,13238,0.0,2.1
2016,2,26,21,57,53.4,56233,11754,28.9,0.6
2016,2,25,22,8,32.3,58907,1320,34.3,2.6
2016,2,23,15,19,11.5,58202,7367,16.8,1.3
2016,2,23,12,48,15.2,58884,5854,8.9,1.6
2016,2,23,11,39,36.4,56250,13084,0.1,2.3
2016,2,21,0,51,41.4,57581,7475,44.0,2.6
2016,2,19,11,22,21.6,58079,9329,15.1,0.9
2016,2,19,11,0,26.9,55649,13393,1.2,1.9
2016,2,18,14,44,30.0,57567,5610,15.0,3.2
2016,2,13,4,24,28.7,57069,11026,37.4,1.6
2016,2,12,13,7,4.4,56593,16227,10.2,0.7
2016,2,12,9,15,27.1,58787,11398,9.2,1.1
2016,2,11,12,14,44.8,57683,12811,0.0,1.0
2016,2,9,12,0,26.8,56804,13602,15.0,0.0
2016,2,4,0,20,22.1,55745,11537,0.0,1.9
2016,2,1,18,12,41.4,58232,8174,0.0,0.6
2016,2,1,11,11,41.5,55538,13498,7.8,1.1
2016,1,29,10,5,59.5,56192,13122,3.1,1.3
2016,1,20,18,59,20.4,58916,1366,24.5,2.5
2016,1,16,16,28,60.0,57707,7041,14.8,2.3
2016,1,14,14,40,4.1,58338,7897,0.0,2.5
2016,1,13,17,44,27.3,57624,6976,11.6,1.3
2016,1,12,14,6,23.9,57660,14167,0.0,2.9
2016,1,12,13,52,8.4,56220,14523,0.0,1.0
2016,1,11,13,6,57.8,55712,13454,1.0,1.2
2016,1,11,11,2,18.4,55731,13324,1.6,1.6
2016,1,8,12,1,58.9,56079,13886,28.5,1.4
2015,12,22,11,36,43.2,56984,7522,6.1,2.1
2015,12,21,12,20,38.3,55604,13575,0.0,2.0
2015,12,21,10,31,6.3,56927,7225,40.1,3.7
2015,12,18,14,32,50.5,58510,11611,0.1,2.1
2015,12,16,11,42,48.3,56222,15542,15.0,2.2
2015,12,13,18,3,25.4,57958,8809,33.8,2.6
2015,12,3,20,52,34.8,55796,12004,19.7,0.6
2015,12,3,15,6,24.6,58429,7390,19.7,1.0
2015,12,3,13,9,47.2,55480,13559,0.6,1.2
2015,12,2,15,9,43.9,58418,8711,10.2,1.5
2015,12,2,12,59,1.5,58218,13217,9.6,2.5
2015,12,2,11,21,9.8,55599,13513,0.6,0.8
2015,12,1,13,28,11.0,56112,13916,28.8,1.5
2015,12,1,12,9,55.2,56741,13797,0.0,0.9
2015,11,30,14,8,17.5,56019,15936,16.8,0.7
2015,11,27,13,50,34.6,55673,13396,0.0,1.1
2015,11,27,11,15,15.5,57516,5281,26.1,1.7
2015,11,27,10,28,19.3,56421,16440,0.2,0.8
2015,11,26,13,58,42.2,55702,13346,6.0,2.3
2015,11,26,8,23,56.3,58135,11275,16.1,2.2
2015,11,25,16,3,39.0,58167,11308,15.0,2.3
2015,11,25,15,52,31.8,58164,11320,16.6,2.1
2015,11,23,2,47,51.3,57676,9954,29.0,1.6
2015,11,19,14,18,36.8,56889,7665,48.3,3.4
2015,11,17,18,15,16.2,56689,13127,4.9,1.7
2015,11,17,12,35,54.1,56298,12951,15.1,2.2
2015,11,16,5,2,6.9,58132,6778,29.7,2.5
2015,11,12,14,15,52.8,58398,6328,3.6,1.4
2015,11,12,11,46,20.9,56749,16227,3.1,1.5
2015,11,12,10,37,32.0,56259,13408,0.0,0.3
2015,11,11,12,33,42.3,56216,15461,0.0,1.1
2015,11,10,15,27,3.2,58117,9269,20.6,0.7
2015,11,6,12,14,24.2,58656,8727,17.3,1.2
2015,11,5,11,13,2.3,56768,14672,0.0,0.3
2015,11,5,9,53,53.2,55593,13550,7.8,1.2
2015,11,4,10,27,9.4,56876,16209,17.0,1.6
2015,11,3,12,39,17.4,55675,13389,0.4,1.1
2015,11,2,10,57,36.2,55770,13494,0.0,1.8
2015,11,2,8,35,19.3,57734,14800,15.0,1.6
2015,10,31,6,58,54.3,56960,8018,27.4,2.2
2015,10,28,14,47,38.4,55730,13289,1.7,1.3
2015,10,28,10,17,22.9,55663,13407,0.0,1.2
2015,10,24,9,7,50.3,57542,7381,30.1,2.2
2015,10,22,9,54,18.2,55650,13248,8.9,1.4
2015,10,21,14,34,39.1,56598,12990,1.1,1.6
2015,10,21,11,31,0.7,57525,13150,39.1,0.5
2015,10,21,9,49,15.7,55640,13465,22.4,0.6
2015,10,21,4,0,57.6,57133,6977,40.7,1.7
2015,10,20,12,38,27.0,56205,14763,2.4,1.3
2015,10,16,11,18,50.1,55982,14045,5.3,0.4
2015,10,16,10,23,42.8,55679,13372,0.0,1.0
2015,10,14,13,0,11.2,55422,13429,1.1,0.6
2015,10,13,12,28,38.8,55594,13418,0.0,0.7
2015,10,8,14,12,59.0,57674,12935,0.0,0.8
2015,10,8,10,38,39.2,56722,12829,5.2,0.5
2015,10,8,9,46,12.5,55705,13279,1.5,1.7
2015,10,7,13,18,56.7,58384,6383,8.4,1.3
2015,10,5,22,43,19.4,56038,13529,11.0,1.4
2015,10,5,10,0,35.1,55651,13450,0.5,0.7
2015,10,5,9,56,55.2,55627,13227,9.4,0.8
2015,10,3,20,12,2.3,57012,7250,15.9,1.8
2015,10,2,10,58,39.3,56083,14016,15.0,0.6
2015,10,1,11,10,31.6,56549,16200,26.8,1.4
2015,10,1,10,2,32.4,56176,13698,1.2,0.6
2015,9,28,9,45,13.0,55482,13499,6.7,0.8
2015,9,24,9,2,34.0,55659,13399,1.4,0.6
2015,9,23,10,27,47.1,55639,13442,0.0,0.5
2015,9,22,16,59,28.5,57660,12899,0.0,0.8
2015,9,22,9,11,21.6,56324,12979,0.0,0.5
2015,9,18,10,4,18.5,55661,13216,9.3,0.7
2015,9,18,9,28,20.8,56703,13811,0.0,0.9
2015,9,17,11,14,21.4,56962,12606,10.3,0.6
2015,9,17,10,38,43.5,57703,12924,0.0,0.6
2015,9,17,9,56,22.2,55624,13341,15.0,0.9
2015,9,16,11,30,19.5,57871,12471,0.0,1.4
2015,9,15,12,28,8.5,56040,14003,5.1,0.4
2015,9,15,11,30,34.5,54283,17125,0.0,1.4
2015,9,11,10,15,12.7,55700,13421,0.0,1.2
2015,9,11,9,7,41.4,58675,8106,15.0,1.6
2015,9,10,14,36,51.8,54232,16816,15.0,1.7
2015,9,10,10,22,35.7,55578,13453,7.0,0.9
2015,9,10,9,56,11.2,55857,13495,10.7,0.4
2015,9,10,4,49,8.3,54129,14389,3.5,1.1
2015,9,9,21,4,35.3,57422,13354,0.0,0.3
2015,9,9,9,29,59.0,55524,13524,8.2,0.9
2015,9,8,18,28,2.0,54586,16976,0.0,1.3
2015,9,8,17,17,8.7,57651,12887,0.0,0.6
2015,9,8,10,48,50.9,56262,12977,1.2,0.6
2015,9,3,13,42,12.8,56518,13032,23.8,0.9
2015,9,3,10,1,13.1,55700,13398,5.0,1.2
2015,9,1,11,14,6.6,57411,15112,0.0,0.9
2015,8,31,17,1,23.2,57675,12922,4.0,0.5
2015,8,31,11,33,23.4,56143,13109,0.0,0.8
2015,8,27,15,22,29.7,57537,6976,26.5,2.4
2015,8,25,12,40,31.2,55616,13446,0.0,0.6
2015,8,25,11,43,59.1,55401,13513,1.1,1.3
2015,8,24,3,6,40.7,56931,7791,32.5,1.2
2015,8,20,13,44,45.1,56103,13956,4.7,0.4
2015,8,20,12,1,15.4,55731,13323,0.0,1.1
2015,8,20,10,43,11.6,57663,12136,0.0,1.3
2015,8,19,11,24,37.2,56176,14396,0.1,1.3
2015,8,19,10,46,30.7,57430,13199,0.0,0.7
2015,8,18,10,52,48.8,57939,7982,15.0,1.2
2015,8,18,9,56,8.2,55709,13283,3.1,1.1
2015,8,17,10,5,47.6,55746,13428,0.4,1.4
2015,8,17,10,3,21.6,56522,13199,0.0,0.5
2015,8,12,13,5,21.3,57890,16391,0.0,1.7
2015,8,12,9,58,48.9,56048,14011,0.0,1.1
2015,8,11,9,28,59.2,56792,12649,0.0,0.8
2015,8,10,13,15,5.8,58362,6443,5.2,1.5
2015,8,6,15,3,59.6,53324,2148,0.0,3.4
2015,8,6,9,15,18.9,56297,13150,0.1,0.7
2015,8,3,10,2,38.3,55691,13287,3.4,1.4
2015,8,3,10,1,28.1,55698,13306,4.3,1.1
2015,8,2,5,8,5.1,57374,6661,30.2,2.0
2015,7,29,19,45,60.0,57635,11729,7.8,3.2
2015,7,29,10,22,49.8,55621,13473,6.5,2.2
2015,7,17,9,39,57.8,56194,13694,3.7,0.5
2015,7,14,15,38,3.0,58678,8178,7.1,1.0
2015,7,11,9,25,19.8,56962,8063,22.4,1.6
2015,7,10,11,27,6.4,55668,13375,1.9,1.3
2015,7,10,9,11,57.9,56569,13185,0.0,0.0
2015,7,8,14,32,14.7,57340,6840,32.7,3.0
2015,7,8,13,36,10.8,57563,14948,7.4,1.0
2015,7,6,10,33,24.6,57064,6938,33.0,2.6
2015,7,3,10,0,58.7,56178,13730,0.0,0.0
2015,7,2,17,3,34.0,57664,6990,26.6,3.1
2015,7,1,12,12,7.7,55632,13462,9.4,1.0
2015,7,1,7,52,38.7,56539,13211,8.4,0.9
2015,6,30,11,43,0.4,56630,14306,0.0,0.6
2015,6,26,9,23,11.5,55748,13299,0.0,1.2
2015,6,25,13,20,48.8,55662,13451,0.0,0.9
2015,6,24,12,47,27.2,55562,13612,0.0,1.4
2015,6,24,9,58,18.1,55678,13287,2.1,2.0
2015,6,18,9,31,47.9,55757,13344,2.2,1.3
2015,6,17,12,40,47.7,55730,13440,0.0,1.4
2015,6,17,9,59,25.5,56206,13665,1.5,0.1
2015,6,16,9,7,2.3,56701,16235,10.4,1.8
2015,6,15,10,4,39.5,56245,13014,0.0,1.3
2015,6,12,9,26,29.6,55284,16494,0.0,2.0
2015,6,10,12,6,50.6,58653,9726,4.8,1.6
2015,6,10,10,4,21.2,55557,13550,6.4,1.2
2015,6,9,12,30,48.9,56269,14685,7.0,2.0
2015,6,9,10,49,54.3,55600,13494,10.0,1.0
2015,6,9,10,34,4.9,55727,13283,0.0,1.1
2015,6,9,10,25,20.8,56351,16473,0.0,1.3
2015,6,8,12,37,30.3,56002,16003,20.2,1.4
2015,6,5,11,46,42.3,56237,14564,0.0,1.5
2015,6,4,11,53,47.2,57745,14171,15.0,1.6
2015,6,1,17,56,42.5,55696,11971,19.5,2.0
2015,5,31,17,24,57.4,55540,13432,74.4,1.6
2015,5,29,10,44,32.5,55710,13187,1.2,1.3
2015,5,28,10,0,43.7,55749,13324,0.1,1.3
2015,5,26,7,15,2.9,54122,14407,17.2,1.3
2015,5,26,7,13,22.0,54067,14265,0.0,1.3
2015,5,22,9,59,28.4,55745,13357,0.0,1.2
2015,5,22,7,45,55.4,55470,13267,5.1,1.6
2015,5,19,18,46,18.7,54573,10054,15.0,1.9
2015,5,19,7,20,32.9,56430,14014,0.0,0.9
2015,5,18,9,22,59.5,56292,12949,0.0,0.4
2015,5,13,9,57,40.5,55678,13442,2.5,1.0
2015,5,12,21,9,41.8,57692,12993,2.0,1.1
2015,5,11,11,0,34.9,58051,11951,1.3,1.4
2015,5,8,10,36,18.9,55725,13511,10.0,0.7
2015,5,7,12,59,12.2,55751,13309,0.0,1.2
2015,5,7,11,49,22.2,57718,14130,19.3,0.9
2015,5,7,10,0,35.5,56197,13640,6.3,1.0
2015,5,5,9,26,22.0,55649,13375,0.0,1.0
2015,5,4,10,7,59.2,56286,13065,2.4,1.3
2015,5,4,10,0,8.7,55729,13386,0.0,1.8
2015,4,29,19,21,10.1,54568,17046,0.0,1.6
2015,4,29,19,10,42.2,54621,16926,0.0,1.5
2015,4,29,17,47,11.1,54250,16854,15.0,1.5
2015,4,29,17,37,47.9,54533,16925,0.0,1.5
2015,4,29,16,37,46.6,54025,17370,15.0,1.5
2015,4,29,15,24,8.7,54599,16805,0.1,1.5
2015,4,29,15,12,24.9,54540,17003,0.0,1.5
2015,4,28,0,23,20.5,57238,8998,37.6,2.0
2015,4,24,12,31,17.4,56073,13828,15.0,0.6
2015,4,23,12,58,53.2,55704,13257,2.1,1.2
2015,4,22,11,58,33.8,55719,13279,0.0,1.9
2015,4,21,14,1,4.6,58709,6859,13.2,1.5
2015,4,21,13,32,17.6,58939,5805,4.2,1.5
2015,4,16,10,10,42.2,55927,13926,0.0,0.9
2015,4,14,12,58,11.1,55701,13392,0.0,1.0
2015,4,9,12,29,12.1,55554,13625,0.0,0.5
2015,4,8,14,32,41.2,56510,11486,32.3,2.8
2015,4,5,20,11,31.8,57640,6986,15.0,1.8
2015,4,2,10,1,24.5,55637,13309,0.0,1.4
2015,3,31,13,35,0.2,56056,16197,29.1,1.3
2015,3,27,14,20,13.0,55643,13325,0.0,1.6
2015,3,27,10,50,9.9,55642,13425,0.0,1.1
2015,3,25,10,58,38.7,55651,13158,0.0,0.8
2015,3,18,13,58,28.0,55690,13400,0.0,1.1
2015,3,17,13,43,26.1,56340,13073,6.3,1.4
2015,3,17,10,31,49.7,56389,16484,0.1,1.3
2015,3,16,13,31,45.9,56205,13643,5.4,1.0
2015,3,11,16,53,35.5,58200,5102,15.0,1.9
2015,3,10,12,31,21.0,56508,13904,15.0,0.7
2015,3,10,12,0,14.1,56208,13322,0.3,0.7
2015,3,10,11,7,4.3,56078,14032,6.6,1.2
2015,3,8,8,56,53.1,57051,14884,15.0,0.6
2015,3,5,20,15,31.4,58208,8369,2.8,1.0
2015,3,4,21,30,51.0,58266,8361,5.3,0.7
2015,3,4,17,1,41.5,56201,14773,7.6,0.8
2015,3,4,12,42,31.2,57451,13567,15.0,1.0
2015,3,3,11,33,14.5,56056,13984,2.0,0.8
2015,3,2,14,6,35.4,55708,13345,2.8,1.2
2015,3,2,14,3,55.7,55703,13244,1.4,1.2
2015,3,2,11,58,53.4,56182,14885,6.3,1.1
2015,2,26,14,1,15.4,55696,13212,0.0,0.6
2015,2,26,13,2,58.0,55576,13519,0.0,1.3
2015,2,25,14,14,50.8,58324,6409,0.1,1.5
2015,2,24,13,35,50.0,56128,13596,38.8,0.9
2015,2,24,11,49,13.1,54323,13610,21.0,1.5
2015,2,23,13,3,14.0,56607,14297,0.1,0.6
2015,2,20,13,13,50.1,57441,12771,35.3,0.9
2015,2,19,14,19,0.5,58333,6259,15.0,2.1
2015,2,17,14,7,44.5,55627,13469,15.0,1.0
2015,2,17,11,14,57.7,57627,14489,0.0,1.2
2015,2,13,14,2,29.5,55709,13329,2.8,1.6
2015,2,13,13,59,25.3,55714,13310,1.7,1.4
2015,2,13,12,2,29.8,55657,13372,0.0,1.7
2015,2,12,14,23,25.3,58576,6219,0.0,1.4
2015,2,12,14,22,50.2,58404,6458,2.7,1.1
2015,2,12,13,5,11.4,56210,15419,0.0,2.1
2015,2,10,19,40,43.0,56790,7960,70.5,2.0
2015,2,10,13,10,26.9,55681,13392,0.0,1.3
2015,2,9,14,19,6.9,58378,6263,0.0,1.4
2015,2,9,13,13,55.0,56203,14384,0.0,1.3
2015,2,8,22,37,38.1,56239,5300,0.0,2.4
2015,2,6,14,6,16.7,55668,13198,0.0,1.1
2015,2,6,14,2,35.3,55671,13418,0.0,1.2
2015,2,6,13,59,25.7,55667,13461,10.0,1.3
2015,2,4,14,19,15.1,58381,6213,7.7,1.8
2015,2,3,14,22,53.9,56507,13159,0.0,1.3
2015,2,3,11,2,40.2,57767,11832,15.9,1.2
2015,1,31,23,55,12.5,57577,7192,61.0,1.5
2015,1,29,14,46,18.3,56900,7826,0.0,1.9
2015,1,29,14,19,17.7,58401,6322,5.1,1.5
2015,1,29,12,13,54.6,56266,12979,9.1,1.5
2015,1,29,10,59,33.8,55645,13159,0.0,1.7
2015,1,28,21,6,15.3,57094,7133,87.7,1.9
2015,1,27,13,25,11.4,55648,13297,0.1,1.0
2015,1,27,12,11,40.9,55575,13625,0.1,1.1
2015,1,26,12,0,25.1,55819,12991,0.1,2.1
2015,1,23,14,17,36.0,58368,6206,18.5,1.9
2015,1,23,10,59,49.6,55644,13191,0.0,1.4
2015,1,22,22,19,39.8,58244,8324,10.2,0.7
2015,1,22,14,6,49.7,55996,13480,0.0,0.9
2015,1,20,14,2,45.5,57729,12024,0.0,1.0
2015,1,20,11,40,42.0,55608,13484,3.0,1.2
2015,1,19,10,0,8.8,55634,13268,0.0,2.0
2015,1,16,11,36,49.0,55458,13170,9.9,1.5
2015,1,16,8,4,13.5,55653,13093,0.0,1.7
2015,1,16,8,1,14.7,55694,13216,0.0,1.3
2015,1,14,14,18,45.5,58308,6435,0.0,1.6
2015,1,6,14,18,10.4,58310,6193,0.0,2.0
2014,12,30,11,2,10.0,56695,15182,0.0,1.2
2014,12,30,2,37,36.3,53265,6709,11.0,2.4
2014,12,27,11,7,53.1,57606,7420,38.8,1.6
2014,12,22,19,19,0.3,57921,6533,79.8,2.4
2014,12,22,13,45,52.6,55629,13284,0.0,1.6
2014,12,22,13,29,23.3,56233,13568,17.5,0.8
2014,12,19,14,21,35.1,58316,6332,21.9,1.5
2014,12,19,13,33,37.1,56165,14675,0.0,1.4
2014,12,19,10,7,55.8,55640,13311,0.0,1.6
2014,12,19,9,58,46.1,55665,13386,0.0,1.6
2014,12,18,13,24,44.0,57572,13151,3.8,1.1
2014,12,18,11,5,1.9,56029,13373,14.9,0.9
2014,12,17,9,53,14.3,56027,13992,5.7,1.1
2014,12,17,9,49,56.0,56064,14024,9.4,1.2
2014,12,16,13,32,59.5,58346,6393,0.0,1.4
2014,12,16,11,58,54.0,58122,16660,119.3,1.9
2014,12,15,12,29,34.2,55684,13342,0.0,1.6
2014,12,13,7,22,42.6,57798,7048,72.5,1.8
2014,12,12,14,15,55.8,58236,5733,15.0,1.9
2014,12,12,14,2,8.6,55637,13443,15.0,1.2
2014,12,12,13,58,46.2,55748,13398,0.0,0.9
2014,12,11,18,45,7.3,58335,6295,0.0,1.6
2014,12,11,13,6,52.5,57917,12562,1.0,1.4
2014,12,8,22,9,24.2,58235,8314,6.6,0.9
2014,12,8,10,56,37.5,55701,13609,7.1,1.2
2014,12,5,11,3,25.2,55705,13347,0.0,0.9
2014,12,5,11,2,54.0,58947,10187,0.9,1.6
2014,12,4,14,22,29.0,58334,6544,0.1,1.1
2014,12,3,14,24,0.4,58334,6398,17.4,1.6
2014,12,3,13,13,4.1,55566,13636,0.0,1.0
2014,12,3,12,45,0.6,55537,13608,0.0,0.9
2014,12,2,14,14,22.4,54359,16668,14.5,1.7
2014,12,2,12,37,57.1,54437,16743,0.0,1.7
2014,12,2,11,22,46.4,54548,16570,0.0,1.7
2014,12,1,15,4,39.0,56418,13438,21.6,1.2
2014,11,27,14,19,32.7,58395,6415,10.0,1.5
2014,11,27,11,34,18.1,56249,13115,0.0,0.5
2014,11,26,14,16,44.1,58328,6353,19.4,2.0
2014,11,25,14,5,54.7,56211,15723,11.1,1.8
2014,11,25,12,9,15.8,55663,13145,0.0,1.3
2014,11,21,11,4,37.0,55693,13181,0.0,1.8
2014,11,17,11,42,40.7,56935,7575,71.3,2.8
2014,11,11,14,23,27.3,58314,6217,18.2,1.7
2014,11,11,10,59,26.4,55634,13331,13.2,1.2
2014,11,10,10,57,18.8,55615,13332,1.5,1.7
2014,11,10,9,22,8.2,58774,9256,0.0,1.3
2014,11,7,12,8,44.8,56455,14363,5.2,0.6
2014,11,5,12,32,19.1,56055,14045,0.0,0.8
2014,11,5,1,12,35.4,53497,6911,0.0,2.2
2014,11,3,14,17,55.1,58383,6320,8.4,1.4
2014,11,3,4,28,56.4,57590,7141,54.1,1.9
2014,10,31,14,20,32.3,58336,6221,15.0,2.0
2014,10,31,11,5,11.1,56194,13532,50.9,0.8
2014,10,30,13,36,26.4,55665,13398,0.1,1.6
2014,10,30,13,32,23.7,55706,13330,0.0,1.7
2014,10,30,13,18,28.1,56268,15712,5.3,1.7
2014,10,30,10,58,33.1,56483,14777,3.4,1.6
2014,10,29,13,28,43.3,55631,13445,0.0,1.7
2014,10,29,13,27,52.8,55628,13448,0.0,1.4
2014,10,28,13,30,21.0,56238,14721,8.8,1.4
2014,10,28,9,14,30.1,56420,11812,4.9,0.9
2014,10,27,11,44,51.2,56125,13675,38.9,1.2
2014,10,24,10,0,9.5,55528,13079,0.0,1.4
2014,10,22,13,19,45.5,58297,6272,6.6,1.4
2014,10,21,13,20,50.8,58258,6314,17.2,2.0
2014,10,20,11,29,37.9,55654,13370,0.0,1.5
2014,10,17,9,59,4.4,55643,13438,15.0,1.5
2014,10,16,19,54,46.7,57506,7126,59.7,1.6
2014,10,16,13,18,9.3,58318,6492,1.0,1.2
2014,10,16,11,14,41.2,55664,13397,0.0,2.0
2014,10,16,11,2,34.4,56182,14120,30.4,1.3
2014,10,15,13,17,23.8,58440,6457,6.7,1.7
2014,10,15,9,47,54.3,56223,12937,13.4,1.6
2014,10,13,19,56,31.0,58188,8224,11.7,1.0
2014,10,8,12,34,13.5,55615,12955,0.1,1.8
2014,10,3,10,45,25.2,56076,13977,15.0,0.8
2014,10,3,9,59,35.1,55665,13284,0.0,1.4
2014,10,2,13,18,49.7,58363,6326,16.7,2.0
2014,10,1,12,32,7.0,54629,16816,0.0,1.6
2014,9,30,10,59,11.5,58870,1651,51.7,3.0
2014,9,30,9,26,25.2,56947,16632,0.0,1.6
2014,9,27,10,59,58.0,53968,9649,15.0,2.4
2014,9,26,9,58,51.2,55617,13186,0.0,1.8
2014,9,23,13,19,41.3,58350,6536,7.4,1.5
2014,9,22,11,16,10.9,56168,13170,0.0,1.5
2014,9,19,9,59,56.4,55668,13388,4.1,2.1
2014,9,19,9,58,40.2,55648,13148,0.0,1.7
2014,9,11,16,41,27.5,57785,8774,15.0,1.2
2014,9,10,13,17,19.8,58376,6502,0.1,1.7
2014,9,9,13,14,52.6,58350,6364,21.2,2.1
2014,9,7,5,1,55.0,57641,6955,26.2,2.4
2014,9,6,6,47,3.2,57552,6913,15.0,1.9
2014,9,3,14,30,26.6,58458,8700,6.4,1.4
2014,8,29,13,19,8.7,58395,6193,18.2,2.2
2014,8,27,13,21,32.3,58302,6307,15.0,1.6
2014,8,22,13,14,30.8,58373,6721,0.1,1.5
2014,8,20,13,21,34.7,58346,5765,29.5,2.2
2014,8,16,1,18,46.9,57077,7169,27.9,2.0
2014,8,15,22,36,34.6,54924,15013,21.6,2.6
2014,8,15,13,16,3.7,58390,6310,15.5,1.6
2014,8,15,10,56,43.2,55544,13645,5.0,1.2
2014,8,10,16,14,22.8,58286,7826,0.0,0.8
2014,8,7,13,3,4.4,55710,13324,0.0,1.7
2014,8,7,12,59,55.4,55684,13251,0.0,1.5
2014,8,7,10,55,51.5,56158,14097,14.9,1.2
2014,8,4,2,52,2.3,57116,9925,28.7,1.7
2014,7,20,22,34,14.9,53718,10798,15.0,2.0
2014,7,18,13,23,20.1,58384,6455,13.4,1.9
2014,7,11,13,17,37.7,58377,6268,25.2,1.6
2014,7,10,18,52,38.5,55960,10776,27.6,1.5
2014,7,10,17,35,16.4,55998,11037,30.4,2.0
2014,7,10,15,15,57.9,56034,10634,25.5,1.8
2014,7,10,9,0,13.3,55697,13219,0.0,1.9
2014,7,10,8,37,51.9,55963,10755,27.4,1.9
2014,7,10,5,11,9.3,55943,10764,37.4,1.8
2014,7,9,19,49,15.8,55988,11050,34.8,2.0
2014,7,9,13,39,42.5,56182,11010,15.0,2.2
2014,7,9,13,0,30.2,55716,13403,1.3,1.7
2014,7,9,12,30,15.2,55992,10716,34.6,2.1
2014,7,8,13,16,16.2,58436,6383,0.0,1.5
2014,7,8,11,32,22.1,58299,7834,13.4,1.0
2014,7,8,9,58,51.5,55950,11080,27.5,2.2
2014,7,5,4,25,58.2,56805,11014,63.1,1.4
2014,7,1,11,57,26.9,56237,13145,77.6,1.5
2014,6,30,17,38,1.0,58470,8714,15.0,1.4
2014,6,27,13,20,23.5,58386,6302,15.1,1.6
2014,6,27,10,5,18.4,55669,13384,0.0,1.2
2014,6,27,10,3,13.3,55594,13228,0.0,1.6
2014,6,26,22,16,6.2,57533,7248,0.0,1.6
2014,6,25,13,19,9.9,58361,6298,7.2,1.8
2014,6,24,13,34,49.8,58946,6757,11.2,2.5
2014,6,24,13,16,17.0,58308,6469,0.0,1.3
2014,6,23,13,3,43.2,55714,13385,0.2,1.6
2014,6,23,12,59,58.0,55666,13424,3.1,1.4
2014,6,22,13,40,14.8,58301,7951,26.4,1.3
2014,6,20,13,34,47.4,58325,6174,15.0,1.6
2014,6,19,13,19,16.5,58404,6170,22.4,1.8
2014,6,19,10,5,14.0,55591,13021,0.0,1.3
2014,6,18,11,55,49.0,56223,12968,0.0,1.6
2014,6,17,10,26,39.5,56363,12843,19.2,1.5
2014,6,13,11,13,44.9,55453,12939,15.0,1.5
2014,6,12,3,1,58.2,56705,12314,22.5,1.5
2014,6,11,12,40,12.5,55637,13434,0.0,1.6
2014,6,11,10,4,39.4,55716,13277,0.0,1.8
2014,6,10,13,57,32.8,54159,14344,18.8,1.4
2014,6,5,8,8,45.9,55680,13607,7.2,1.0
2014,6,3,13,5,15.6,55658,13133,0.0,1.7
2014,6,3,13,2,6.8,55683,13170,0.0,1.6
2014,6,2,13,19,23.5,58214,6418,0.0,1.5
2014,5,28,21,15,20.9,58153,8148,0.0,0.9
2014,5,28,8,29,18.0,55673,13282,0.0,1.7
2014,5,26,10,32,18.0,55641,13442,0.0,1.4
2014,5,23,13,18,46.7,58223,5954,15.0,2.1
2014,5,22,13,2,34.4,55697,13304,0.0,1.7
2014,5,22,8,2,39.8,55613,13215,0.0,1.6
2014,5,20,10,35,41.8,58487,8610,15.0,1.3
2014,5,20,5,14,32.4,54222,14065,15.0,1.4
2014,5,19,14,41,45.0,56166,13118,9.7,1.3
2014,5,19,14,41,34.7,58787,9307,7.2,1.3
2014,5,19,10,33,50.3,55602,13404,0.1,1.9
2014,5,16,12,59,49.8,55407,13117,0.0,1.5
2014,5,13,13,19,20.3,58259,6498,0.0,1.2
2014,5,12,20,10,47.6,58189,8346,8.4,1.1
2014,5,9,8,19,13.5,55550,13710,0.0,1.2
2014,5,8,13,20,30.8,58397,6277,2.2,1.5
2014,5,7,11,12,57.2,55511,13348,0.0,1.6
2014,5,6,13,22,11.5,58252,6158,15.0,1.4
2014,5,6,10,13,46.3,55929,12952,15.0,1.4
2014,5,1,10,54,26.6,57064,7876,15.0,1.5
2014,4,30,17,4,33.4,58223,8175,9.1,0.8
2014,4,29,13,1,23.1,55659,13092,0.0,1.8
2014,4,29,9,14,39.2,55700,13145,0.0,1.9
2014,4,28,10,11,10.3,55703,13628,7.4,1.1
2014,4,26,12,47,31.8,56567,11674,7.1,1.6
2014,4,23,13,20,3.0,58313,6338,5.4,1.7
2014,4,15,13,21,27.0,58524,6360,0.0,1.5
2014,4,15,13,19,45.0,58227,6342,15.0,1.4
2014,4,9,13,18,55.6,58358,6126,0.4,1.7
2014,4,9,11,13,13.5,53921,10432,45.0,2.3
2014,4,9,10,3,12.6,55667,13104,0.0,1.7
2014,4,4,20,48,7.1,58066,7821,2.9,0.7
2014,4,4,9,1,2.5,55468,13269,0.0,1.7
2014,4,2,19,55,59.3,58154,8195,6.4,1.3
2014,4,2,17,46,32.7,58351,6347,9.8,1.8
2014,4,2,15,57,19.2,58157,7846,8.6,0.9
2014,4,2,13,21,15.2,58714,4525,0.0,2.2
2014,3,31,17,4,46.1,57550,7066,67.9,2.0
2014,3,31,8,29,21.4,55592,13204,0.0,1.7
2014,3,29,15,22,48.4,56050,11028,11.8,1.9
2014,3,29,14,54,47.6,56029,11023,33.0,1.9
2014,3,29,11,35,15.3,55876,10796,28.1,2.5
2014,3,28,23,37,40.0,58318,7963,17.1,1.0
2014,3,28,19,13,45.7,58097,7814,11.4,1.2
2014,3,27,9,57,31.7,55964,10828,12.5,1.8
2014,3,27,4,44,48.0,58161,13515,5.2,2.3
2014,3,26,17,6,50.0,58152,6836,3.1,1.4
2014,3,26,14,19,8.6,58383,6324,8.5,1.5
2014,3,26,11,0,30.7,55733,13403,7.8,1.6
2014,3,25,18,19,59.9,56848,7904,58.2,2.0
2014,3,24,10,45,11.6,55484,13163,11.9,1.3
2014,3,21,16,16,4.4,58464,8809,15.0,1.3
2014,3,21,14,20,14.5,58350,5222,0.0,1.9
2014,3,19,10,30,59.2,55635,13017,0.0,1.8
2014,3,17,14,22,4.0,58520,6342,0.0,1.4
2014,3,14,12,1,14.3,55515,13249,10.0,1.4
2014,3,13,14,20,31.8,58336,6365,9.6,1.5
2014,3,10,14,19,6.0,58407,6181,18.0,1.2
2014,3,6,18,50,17.2,58375,6297,15.0,1.5
2014,3,6,14,29,6.1,58424,9150,1.7,0.8
2014,3,6,14,5,34.1,56045,15905,15.1,0.9
2014,3,5,14,16,37.4,58373,6388,20.4,1.4
2014,3,4,13,0,12.2,55604,13251,0.0,1.6
2014,3,1,23,49,0.5,56097,11363,21.4,1.3
2014,3,1,13,58,8.6,56845,7810,63.0,2.7
2014,2,27,14,19,7.9,58507,6351,8.9,1.6
2014,2,27,13,59,29.3,55636,13165,0.0,1.8
2014,2,26,14,36,51.4,58146,9167,4.9,1.2
2014,2,20,14,17,21.5,58352,6213,3.4,1.6
2014,2,19,14,19,10.8,58429,6347,4.7,1.2
2014,2,18,13,12,44.9,55656,13369,0.0,1.8
2014,2,17,11,57,39.4,55697,13378,0.0,1.5
2014,2,13,6,46,57.1,57682,6931,38.0,2.1
2014,2,13,2,13,13.2,53040,6455,80.4,2.5
2014,2,12,14,22,55.5,58356,6394,18.2,1.5
2014,2,12,12,30,26.7,55567,13621,7.7,1.4
2014,2,10,12,10,49.7,55649,13325,0.0,1.8
2014,2,2,18,22,58.0,54921,15862,135.0,1.9
2014,1,31,12,32,6.5,56180,13706,0.2,1.4
2014,1,30,11,36,48.5,57626,7098,25.6,1.9
2014,1,29,12,38,15.1,56267,13085,0.1,1.5
2014,1,25,3,3,29.6,56821,7914,66.3,1.6
2014,1,23,13,23,5.0,55526,13359,8.6,1.6
2014,1,15,20,11,30.3,57506,7184,33.3,1.4
2014,1,14,14,45,47.8,58491,8956,7.8,0.9
2014,1,9,18,6,45.8,56797,7858,40.0,1.7
2014,1,8,20,49,54.1,58349,7227,15.0,0.3
2014,1,8,11,41,14.4,56059,14007,2.0,1.3
2014,1,7,13,26,51.0,58966,5771,3.7,1.7
2014,1,6,14,16,36.4,58131,5888,0.0,1.9
2014,1,6,0,42,3.1,58199,8087,24.8,1.0
2013,12,21,7,49,5.5,57658,7070,27.1,2.3
2013,12,19,13,10,2.9,58549,11769,0.3,2.4
2013,12,10,21,7,20.8,56899,7876,61.4,3.2
2013,12,10,13,48,30.3,56253,15669,6.5,1.8
2013,12,6,14,46,4.8,58226,9119,0.1,1.0
2013,12,1,8,14,4.1,57245,6893,70.1,2.4
2013,11,29,11,34,17.2,55659,13391,0.0,1.4
2013,11,28,13,1,20.6,57701,11856,2.4,2.1
2013,11,27,14,48,52.3,56093,11002,40.1,1.8
2013,11,24,9,36,29.1,57922,8129,41.5,1.3
2013,11,22,11,42,1.2,55744,13372,0.0,1.7
2013,11,21,17,51,10.2,57887,8174,36.5,2.4
2013,11,21,15,9,42.4,58421,8686,15.0,1.5
2013,11,21,12,54,41.5,58952,9908,4.7,1.4
2013,11,21,11,47,51.2,56890,14470,30.8,1.7
2013,11,20,14,3,10.6,56168,14859,0.0,1.2
2013,11,19,14,45,9.5,58505,8897,0.0,1.3
2013,11,18,11,52,16.4,55654,13379,0.0,1.9
2013,11,14,11,30,59.0,56912,7456,11.9,1.5
2013,11,13,7,59,21.1,55653,13213,0.0,1.4
2013,11,12,13,4,40.7,58023,8391,15.0,2.5
2013,11,7,20,25,33.0,58560,10151,23.2,2.3
2013,11,7,4,10,53.3,57998,8295,34.1,2.2
2013,11,6,12,26,10.2,55001,10811,15.0,2.3
2013,11,6,11,1,25.7,55747,11202,15.0,2.0
2013,11,5,3,16,7.6,58041,8193,39.0,1.4
2013,11,4,13,38,23.0,56215,14867,0.0,1.5
2013,11,4,8,48,37.7,57997,8531,29.7,2.1
2013,10,28,11,9,19.5,57365,2422,40.1,2.9
2013,10,20,7,55,12.5,57602,6983,67.8,1.4
2013,10,18,4,0,4.4,58584,5941,7.1,1.3
2013,10,15,20,6,22.2,58158,8104,3.3,1.2
2013,10,15,14,29,0.3,58423,8705,10.1,1.3
2013,10,15,13,31,29.7,58296,6243,0.6,1.8
2013,10,15,13,17,4.9,58370,6389,0.0,1.6
2013,10,15,12,44,29.3,58241,6190,21.2,1.7
2013,10,8,9,58,55.0,55705,13264,4.3,1.6
2013,10,8,9,32,14.6,56389,15411,70.4,2.1
2013,10,1,16,22,1.1,58162,9030,8.0,1.2
2013,9,25,18,53,54.8,56898,9756,32.3,1.7
2013,9,23,9,56,34.3,55656,13336,0.0,1.1
2013,9,20,22,22,57.9,55696,11967,22.1,1.3
2013,9,20,9,5,3.9,55662,13373,0.0,1.0
2013,9,19,13,43,39.1,55597,13215,0.0,1.8
2013,9,16,9,29,11.6,55706,13147,0.0,1.9
2013,9,12,8,28,41.3,58871,6107,17.6,1.8
2013,9,10,10,3,59.0,55699,13224,0.0,1.6
2013,9,4,9,59,18.5,55632,13234,5.2,1.9
2013,9,4,1,33,31.3,53342,6812,12.1,2.7
2013,9,4,0,41,32.9,54285,13606,39.5,1.6
2013,9,3,14,37,13.2,58424,11743,7.0,1.5
2013,9,1,6,15,3.2,57156,6887,41.8,2.3
2013,8,27,11,45,55.6,56379,13609,15.0,1.9
2013,8,21,20,13,32.2,56941,7696,63.8,2.2
2013,8,21,11,8,12.9,55840,10615,5.3,2.2
2013,8,19,21,7,25.9,58332,8377,0.0,1.3
2013,8,9,13,40,45.9,58315,6154,4.2,1.6
2013,8,9,13,14,19.3,56858,8012,34.8,1.7
2013,8,9,10,34,3.3,56814,8063,60.6,1.8
2013,8,5,14,20,50.0,58975,10371,15.0,1.7
2013,8,5,11,50,39.4,58459,9490,2.3,1.9
2013,8,5,10,22,2.7,55485,13248,0.1,1.5
2013,7,18,8,34,0.2,55793,11608,20.2,1.0
2013,7,11,12,32,1.7,56230,14800,2.4,1.3
2013,7,4,16,30,2.2,57410,6850,57.5,1.9
2013,7,2,23,3,56.0,53432,6988,0.0,3.1
2013,6,21,13,16,57.2,58561,6604,15.0,2.2
2013,6,21,12,26,25.2,58287,6100,13.3,1.6
2013,6,18,12,41,18.9,55578,13521,2.1,1.9
2013,6,18,12,28,38.5,55445,13177,6.4,1.3
2013,6,18,7,7,7.4,56160,13631,0.1,1.1
2013,6,17,13,25,59.4,58106,6116,20.1,2.2
2013,6,15,17,4,46.2,58693,10959,15.0,2.4
2013,6,14,10,0,53.3,55664,13502,15.0,1.4
2013,5,31,13,17,36.1,58276,8498,15.0,1.3
2013,5,31,12,59,52.7,58850,5775,11.4,1.6
2013,5,30,17,31,28.0,56007,10943,35.4,2.1
2013,5,30,13,16,31.5,56075,11107,0.0,1.7
2013,5,30,10,44,1.6,55561,13374,0.0,1.5
2013,5,28,13,44,55.8,58849,9265,0.0,1.6
2013,5,28,11,17,52.9,54669,16889,11.1,1.7
2013,5,27,12,33,56.4,56229,14864,0.0,1.0
2013,5,27,9,29,20.5,55632,13177,0.0,1.6
2013,5,22,11,27,13.3,58871,6143,5.1,1.7
2013,5,20,12,42,2.1,55510,13339,0.2,1.9
2013,5,17,8,54,40.1,58100,17991,15.0,2.6
2013,5,17,6,14,14.9,58438,17439,13.2,2.8
2013,5,15,8,59,55.4,55648,12940,0.0,1.8
2013,5,14,13,18,49.3,58311,6364,10.2,2.1
2013,5,14,10,8,11.1,55666,13359,0.0,1.5
2013,5,13,9,58,16.5,58164,6122,18.5,1.8
2013,5,8,9,57,6.3,55706,13217,0.0,1.6
2013,5,6,12,59,10.7,55662,13308,0.0,1.4
2013,5,6,11,49,19.9,56022,13978,0.0,1.0
2013,5,3,13,19,19.4,58218,6273,0.0,1.9
2013,4,30,13,17,52.7,58345,6418,15.0,1.9
2013,4,29,13,15,4.8,58322,6385,4.4,2.2
2013,4,29,12,58,29.0,55594,13255,0.0,1.4
2013,4,24,14,29,40.8,58396,8599,25.4,1.7
2013,4,24,13,18,20.0,58379,6463,5.5,2.1
2013,4,24,10,25,29.6,55546,13606,15.0,1.1
2013,4,22,22,30,42.0,55217,14757,16.1,0.4
2013,4,22,20,9,59.7,58198,8373,5.9,1.4
2013,4,20,19,30,2.8,57725,7136,12.5,2.7
2013,4,19,9,32,14.3,55614,13471,5.6,1.7
2013,4,18,11,7,19.3,56296,15658,13.4,1.4
2013,4,17,20,16,33.6,57983,8164,0.0,1.3
2013,4,16,13,50,43.1,58305,8341,15.1,1.3
2013,4,16,13,23,53.8,58361,6523,7.1,2.2
2013,4,12,11,52,37.3,56179,13161,5.5,1.2
2013,4,11,13,17,20.3,58335,6438,4.6,1.5
2013,4,3,10,50,8.1,57622,7436,10.8,3.1
2013,4,2,21,7,37.7,57722,7308,12.5,1.6
2013,4,2,14,30,17.7,58443,8629,10.7,1.3
2013,4,2,13,47,24.7,58300,6289,4.7,1.7
2013,3,30,0,48,39.8,56924,7653,61.6,2.4
2013,3,28,10,2,11.3,55664,13362,0.0,1.5
2013,3,26,11,1,49.7,55693,13232,0.1,1.7
2013,3,26,10,59,11.0,55548,12830,8.7,2.0
2013,3,24,7,13,4.5,57599,8359,15.0,1.6
2013,3,22,11,15,5.2,55431,13145,0.0,1.5
2013,3,22,10,1,36.7,56586,14846,0.7,1.5
2013,3,20,0,4,24.5,55594,13609,25.0,1.4
2013,3,15,14,18,34.9,58383,6379,19.3,1.9
2013,3,15,13,59,2.2,58143,8365,4.3,1.1
2013,3,15,10,43,51.8,57032,1820,33.6,3.2
2013,3,14,21,0,45.8,58108,8096,20.6,1.1
2013,3,14,15,46,41.3,56165,15671,3.2,1.1
2013,3,12,21,4,12.6,57737,7189,15.0,2.3
2013,3,7,14,57,27.6,58914,9444,9.7,2.0
2013,3,1,14,41,48.7,56009,10831,8.1,2.0
2013,3,1,7,12,18.7,56025,11043,28.1,2.0
2013,2,28,21,13,8.0,58095,8093,8.2,1.4
2013,2,28,13,38,57.7,55657,11147,75.0,1.8
2013,2,28,12,28,50.8,55906,10968,36.4,2.1
2013,2,27,10,57,12.0,55678,13244,0.6,1.6
2013,2,21,13,6,33.4,55634,13585,9.0,1.6
2013,2,14,0,28,15.5,56586,12175,0.1,1.4
2013,2,13,20,17,9.5,57343,7264,26.4,1.8
2013,2,13,16,42,40.9,58187,8262,9.9,1.4
2013,2,11,14,10,34.8,58908,5883,0.1,1.6
2013,2,11,11,33,21.3,55532,13610,0.0,1.4
2013,2,9,5,26,9.3,53386,6690,15.0,2.2
2013,2,8,8,3,38.9,55658,13272,0.0,2.3
2013,2,7,23,19,12.6,53502,6868,40.5,2.8
2013,2,6,21,20,47.5,58069,8064,6.1,0.8
2013,1,29,15,0,3.8,58376,5491,6.3,2.1
2013,1,24,12,27,47.7,58425,7702,28.5,1.8
2013,1,24,10,58,50.8,55660,13328,0.0,1.9
2013,1,15,14,44,20.5,56024,13856,30.3,1.4
2013,1,14,8,55,19.3,57226,6791,42.4,2.5
2013,1,10,12,38,8.7,58865,5806,0.0,1.8
2013,1,8,11,0,39.8,55641,13151,0.3,1.6
2013,1,7,18,30,40.6,58224,8264,9.9,1.2
2012,12,27,2,59,45.0,56379,13118,12.6,1.4
2012,12,25,20,23,9.1,56340,13217,0.0,1.4
2012,12,19,13,43,43.6,58895,5849,5.1,1.3
2012,12,18,21,18,15.0,58123,8103,10.5,1.0
2012,12,14,11,2,9.1,55634,13359,0.0,1.5
2012,12,13,21,16,1.4,58016,8125,13.9,1.2
2012,12,13,11,6,23.0,55698,13335,0.0,1.8
2012,12,12,21,48,45.8,55142,14209,5.0,0.5
2012,12,12,14,4,25.7,55709,13337,2.2,1.6
2012,12,4,14,23,13.9,58352,6391,7.8,1.7
2012,12,4,4,17,45.4,55628,11739,29.7,1.1
2012,11,29,21,18,51.5,57288,7072,32.6,2.1
2012,11,29,21,5,2.2,58089,8111,7.1,1.0
2012,11,28,11,43,15.9,55445,13346,0.1,1.5
2012,11,26,14,28,5.8,56360,14410,7.2,1.5
2012,11,23,10,58,54.4,55664,13285,0.0,1.3
2012,11,22,10,8,30.1,57167,6801,15.0,2.3
2012,11,20,11,7,13.4,56207,13147,0.0,1.3
2012,11,12,13,8,51.3,55608,13206,0.0,1.6
2012,11,8,6,39,26.5,54218,14538,24.8,2.1
2012,11,7,11,4,32.8,55644,13291,0.0,2.1
2012,11,4,2,46,47.9,57214,12222,2.6,1.9
2012,10,31,13,0,24.7,55652,13322,0.0,1.6
2012,10,30,21,29,37.4,58187,8110,5.1,0.5
2012,10,26,13,15,36.3,58249,6274,15.0,1.4
2012,10,26,9,20,34.3,55583,13088,0.0,1.8
2012,10,24,12,12,15.2,55753,13318,0.0,1.9
2012,10,23,13,24,5.5,58440,7895,4.7,1.2
2012,10,18,12,20,17.2,58811,6017,15.0,1.9
2012,10,18,9,59,33.4,55674,13279,0.0,1.6
2012,10,15,11,3,43.5,55538,13311,0.0,1.8
2012,10,12,14,46,39.1,58131,8076,2.8,1.1
2012,10,12,10,22,43.0,58873,5747,10.5,2.1
2012,10,12,1,0,38.8,57357,7198,34.0,1.5
2012,10,11,6,38,39.6,57585,7090,19.6,2.1
2012,10,10,13,29,4.4,56184,13016,3.3,1.4
2012,10,9,15,8,2.8,58139,9044,0.0,1.2
2012,10,9,10,12,59.8,55507,13509,7.5,1.4
2012,10,4,14,7,47.9,58048,7193,0.0,1.3
2012,10,4,11,2,41.6,55652,13307,0.1,1.5
2012,10,3,19,57,15.8,58156,8116,8.8,1.5
2012,10,2,15,52,15.9,58151,8123,13.4,1.7
2012,9,28,14,59,8.6,58480,8709,0.5,1.8
2012,9,28,10,1,18.2,55446,13146,0.1,1.4
2012,9,27,22,49,19.6,55583,12172,34.2,1.2
2012,9,27,10,0,8.0,55699,13208,0.1,1.4
2012,9,26,12,40,49.9,55660,13475,0.0,1.7
2012,9,26,1,45,58.7,56603,9685,18.2,2.1
2012,9,24,13,58,19.4,56694,14787,26.7,1.7
2012,9,24,13,44,50.4,56018,13330,15.1,1.5
2012,9,23,20,34,54.6,56606,11333,13.1,2.3
2012,9,23,1,49,54.9,57687,7119,27.8,1.5
2012,9,21,9,15,40.1,55529,12724,7.2,1.7
2012,9,20,12,53,24.7,56048,13247,15.0,1.5
2012,9,19,14,32,40.9,58936,9452,9.0,1.6
2012,9,13,14,41,37.6,58652,6064,6.3,1.7
2012,9,12,13,0,57.2,55609,13306,0.0,1.9
2012,9,12,9,59,2.3,55631,13443,0.0,1.7
2012,9,11,13,16,4.3,57504,8457,0.0,2.1
2012,9,10,8,48,12.7,55761,10755,25.6,2.4
2012,9,6,20,19,8.7,58122,8155,2.7,1.6
2012,9,6,9,59,3.1,55721,13105,0.0,1.6
2012,9,5,12,35,39.6,57187,6635,29.7,2.0
2012,9,5,11,32,21.3,58495,6004,15.0,1.6
2012,9,4,12,36,39.4,55975,13621,39.0,1.4
2012,9,3,11,30,17.6,55636,13438,0.0,1.3
2012,8,31,13,18,7.9,58113,6132,38.8,1.4
2012,8,29,12,29,14.4,56262,14660,84.4,1.5
2012,8,28,14,18,51.7,58340,8911,0.0,1.1
2012,8,27,21,12,28.9,58149,8101,0.0,1.0
2012,8,26,23,48,16.2,57717,7142,7.7,1.6
2012,8,24,15,39,17.9,58435,8794,3.4,0.6
2012,8,24,14,35,58.3,57914,7725,2.5,1.2
2012,8,24,10,45,29.2,55466,13296,0.0,1.2
2012,8,22,13,0,26.5,55615,13338,0.0,1.9
2012,8,21,13,48,3.5,55555,13479,0.0,1.9
2012,8,21,10,8,13.0,55629,13447,13.5,1.1
2012,8,17,9,49,9.6,55668,13211,0.0,2.1
2012,8,16,23,31,12.9,57587,5524,15.0,2.0
2012,8,16,20,30,38.3,53907,7274,0.0,3.2
2012,8,16,13,19,52.3,58229,6326,26.0,1.9
2012,8,9,22,53,8.1,53416,11716,15.0,1.6
2012,8,9,15,20,17.2,58907,9251,4.6,1.2
2012,8,8,9,2,48.9,55687,13211,0.0,1.6
2012,8,7,11,6,50.7,56542,17391,15.0,2.5
2012,8,7,1,20,51.2,56103,13626,31.4,1.1
2012,8,6,2,57,15.9,56641,11948,15.0,4.3
2012,8,1,10,14,52.3,55621,12956,0.0,1.8
2012,7,28,0,56,45.2,57428,7324,15.0,1.5
2012,7,27,8,33,22.1,55704,13271,6.0,1.9
2012,7,22,17,31,37.3,56206,11734,15.0,2.2
2012,7,21,9,29,53.8,57103,7016,83.6,2.2
2012,7,8,18,38,58.2,58982,12989,12.4,2.3
2012,7,8,18,38,22.7,57019,9130,14.1,2.3
2012,7,4,22,18,57.5,58168,8138,4.2,1.3
2012,6,19,12,44,9.6,58568,5655,9.2,1.8
2012,6,18,12,11,27.2,58551,5833,0.0,1.7
2012,6,17,9,8,58.3,58984,6233,3.0,2.4
2012,6,16,3,37,5.6,55728,17948,15.0,2.2
2012,6,8,14,18,17.4,54596,16301,39.7,1.6
2012,6,5,10,22,36.7,55546,13592,3.2,1.5
2012,6,1,11,48,43.2,55265,12878,2.4,1.5
2012,5,31,13,52,44.2,58548,5054,122.7,1.8
2012,5,26,3,24,20.0,55712,11780,25.2,1.6
2012,5,25,13,24,3.2,55460,13283,0.0,1.6
2012,5,25,8,31,34.2,55697,13000,0.1,1.9
2012,5,24,6,49,2.5,55657,13459,15.0,1.4
2012,5,23,14,35,33.1,58496,8812,0.0,1.2
2012,5,23,11,17,19.4,54144,16432,0.1,1.7
2012,5,23,10,41,45.4,54493,16727,2.8,1.8
2012,5,23,10,41,6.8,54412,16667,2.7,1.8
2012,5,23,10,17,8.1,54362,16665,5.8,1.8
2012,5,22,10,53,56.2,55463,12766,0.1,2.0
2012,5,16,19,59,8.9,58032,8242,0.0,1.6
2012,5,16,11,5,15.8,55462,13252,0.0,1.6
2012,5,16,9,20,31.0,55667,13317,0.0,1.5
2012,5,15,14,18,34.5,58334,8891,0.0,1.2
2012,5,15,13,13,38.1,58146,8047,1.2,1.0
2012,5,15,12,31,41.1,58889,6137,5.5,1.8
2012,5,11,11,48,18.7,58823,10051,7.4,1.5
2012,5,10,17,15,13.1,58139,8095,6.7,1.4
2012,5,9,11,41,50.6,55469,13282,0.0,2.1
2012,5,9,9,48,48.4,57036,8065,15.0,1.7
2012,5,2,13,13,35.3,58537,5618,9.1,1.8
2012,4,27,13,10,31.2,58510,8609,10.3,1.1
2012,4,25,6,17,29.0,54296,14426,13.3,1.1
2012,4,25,4,43,48.9,55658,12063,38.9,1.7
2012,4,24,10,2,13.3,55648,13366,1.2,1.5
2012,4,18,12,59,15.1,55623,13155,3.5,1.4
2012,4,17,9,56,48.4,55662,13301,0.0,1.5
2012,4,16,12,49,20.7,58872,6142,0.1,2.0
2012,4,15,21,53,23.7,57590,7020,0.0,1.4
2012,4,14,21,47,55.4,57119,7516,15.0,1.6
2012,4,13,12,20,13.5,58923,9462,8.1,1.6
2012,4,13,11,25,0.7,55708,13636,15.0,1.5
2012,4,11,12,17,41.8,56232,14540,0.0,1.9
2012,4,8,6,55,32.4,55589,13616,7.5,1.5
2012,4,4,14,37,47.7,58068,7800,19.8,0.6
2012,4,3,21,56,2.1,57127,10607,43.0,2.0
2012,4,2,11,54,50.6,56280,14652,0.0,2.1
2012,3,30,13,55,20.7,58150,8283,9.2,1.6
2012,3,30,5,18,1.4,58864,13081,30.5,2.1
2012,3,28,13,15,2.5,58373,6395,5.4,2.2
2012,3,26,11,57,8.9,58863,6157,4.3,1.7
2012,3,23,10,11,18.8,55487,13335,14.5,1.6
2012,3,20,15,56,24.4,58218,8065,9.9,1.8
2012,3,19,16,7,13.7,58168,8116,2.9,0.7
2012,3,15,15,27,33.2,58829,5590,8.1,1.9
2012,3,13,15,9,57.7,58514,7219,3.8,0.9
2012,3,9,12,17,19.8,55620,13294,0.0,1.7
2012,3,8,14,24,22.2,55994,15356,87.5,1.8
2012,3,8,13,40,26.6,58854,7766,7.5,1.7
2012,3,8,12,28,47.5,55419,13176,15.0,1.6
2012,3,8,10,59,13.6,55532,13061,0.0,1.9
2012,3,7,12,29,42.5,58901,6182,5.6,1.7
2012,3,7,12,29,42.1,58860,6134,0.0,1.8
2012,3,5,14,16,54.2,56892,5915,15.0,1.8
2012,3,2,14,17,12.1,58346,6383,7.2,1.7
2012,2,28,14,0,58.1,55734,13382,6.1,1.6
2012,2,27,16,0,37.4,58860,5819,3.4,1.9
2012,2,20,15,41,2.8,58070,11345,15.0,1.4
2012,2,18,12,45,19.6,57554,7576,20.9,2.2
2012,2,17,10,33,43.8,56268,14897,98.1,2.0
2012,2,16,17,15,35.5,58267,8083,8.5,1.3
2012,2,16,14,18,6.0,58743,5643,7.8,2.0
2012,2,14,14,17,4.1,58897,5655,6.7,1.9
2012,2,14,13,27,46.3,58463,5453,32.8,1.6
2012,2,14,11,2,14.8,55728,13392,15.0,1.5
2012,2,13,13,1,1.8,55438,13195,15.0,1.9
2012,2,13,6,4,31.7,53062,9436,27.7,2.5
2012,2,11,18,33,21.4,53193,2074,15.0,2.6
2012,2,10,12,25,23.7,55568,13137,15.1,1.4
2012,2,10,10,2,29.2,56165,15487,30.3,1.3
2012,2,8,23,30,50.1,58269,13612,6.6,2.1
2012,2,7,15,57,34.7,58334,8083,0.0,1.3
2012,2,7,11,0,33.9,55697,13287,0.4,1.8
2012,2,3,13,3,29.9,55678,13354,1.5,1.7
2012,2,3,6,6,50.2,57040,6083,0.0,2.1
2012,2,2,15,2,39.0,58314,11579,5.8,1.6
2012,2,1,13,4,9.6,56450,13889,48.4,1.5
2012,1,31,13,59,13.4,56294,15192,95.0,1.7
2012,1,31,12,30,38.0,56163,15034,92.8,1.6
2012,1,30,18,12,40.5,58183,6496,0.0,1.9
2012,1,30,14,4,3.5,58847,6135,2.4,1.8
2012,1,30,10,13,19.2,56190,14491,7.6,1.4
2012,1,28,9,39,53.7,57815,8894,39.9,1.8
2012,1,25,11,16,39.3,58952,9261,10.0,1.8
2012,1,25,10,22,23.8,55961,15339,85.8,1.8
2012,1,24,11,8,46.2,57623,11993,5.4,1.5
2012,1,23,15,35,24.3,58219,8207,12.0,1.3
2012,1,19,14,54,1.3,58829,5736,10.8,1.6
2012,1,19,14,35,53.7,56229,14543,3.0,1.5
2012,1,18,18,43,25.7,58118,8339,4.2,1.4
2012,1,18,18,41,28.6,58178,6589,0.0,1.9
2012,1,18,12,34,25.7,55855,15331,96.3,1.9
2012,1,14,10,36,31.0,57615,7159,34.6,1.4
2012,1,10,10,58,53.2,55638,13082,0.0,1.7
2012,1,8,17,14,12.4,56830,12389,11.9,2.3
2012,1,4,14,24,58.6,58125,6297,0.0,1.5
2011,12,30,11,36,32.9,55638,13318,5.0,1.5
2011,12,28,12,43,14.4,55445,13255,28.4,2.0
2011,12,28,8,4,20.1,57218,16309,13.3,1.5
2011,12,22,12,3,29.8,57253,14094,3.9,1.4
2011,12,19,15,1,16.6,58272,10771,57.8,1.4
2011,12,19,14,3,26.6,57911,11952,1.8,2.1
2011,12,19,0,33,18.6,57572,7132,24.7,1.6
2011,12,12,13,31,24.5,56180,14738,0.1,1.6
2011,12,12,10,47,16.3,55479,13189,73.3,1.7
2011,12,10,2,37,34.1,57574,7306,31.9,2.1
2011,12,9,14,3,21.5,55662,13363,5.2,1.7
2011,12,8,15,53,14.6,58718,11526,5.0,1.7
2011,12,8,12,5,49.0,56637,11126,21.2,1.9
2011,12,7,14,58,47.2,58991,11185,0.4,1.8
2011,12,7,14,5,5.8,57940,11120,11.2,1.8
2011,12,6,14,6,4.7,55722,13296,0.0,1.7
2011,12,6,14,1,55.6,55708,13314,2.3,1.7
2011,12,5,12,42,37.6,55533,13456,0.0,2.0
2011,12,1,13,48,16.0,53728,14578,18.2,1.7
2011,11,30,8,31,4.8,57623,7037,15.0,1.7
2011,11,29,14,0,29.8,55698,13292,4.1,1.9
2011,11,29,12,38,37.0,58845,5863,7.1,1.7
2011,11,28,21,18,0.9,57554,7315,34.2,1.6
2011,11,23,14,15,0.3,58326,6365,5.3,1.6
2011,11,23,13,42,46.0,56232,13286,0.0,1.4
2011,11,21,9,19,55.5,58848,9456,10.5,1.4
2011,11,18,14,13,30.0,57268,7359,25.0,1.5
2011,11,16,14,0,9.5,55723,13384,8.7,1.0
2011,11,16,11,28,16.9,57403,7271,26.8,1.9
2011,11,15,15,39,14.6,53911,16919,15.0,1.9
2011,11,15,13,10,58.0,56808,14991,5.6,1.5
2011,11,14,23,35,41.1,57149,7277,2.8,1.7
2011,11,14,12,23,57.3,57609,7333,31.4,1.8
2011,11,14,3,46,55.4,56667,13217,0.0,1.4
2011,11,13,2,38,59.3,55280,4955,0.0,2.7
2011,11,10,13,59,28.7,55707,13239,3.5,1.6
2011,11,10,13,35,20.1,58318,6240,15.0,1.1
2011,11,9,14,42,19.8,58578,6461,31.4,1.3
2011,11,9,10,48,55.5,57101,7326,136.7,1.7
2011,11,8,11,16,16.9,55666,13330,0.0,1.4
2011,11,8,9,3,34.0,55044,14774,8.9,0.5
2011,11,7,14,5,10.0,58815,5717,9.5,1.8
2011,11,5,10,56,1.3,57400,7076,22.1,1.4
2011,11,5,3,10,28.2,57667,7594,35.5,2.3
2011,11,3,6,6,22.8,57585,6896,76.4,1.7
2011,11,3,0,32,8.3,57617,7258,34.1,1.7
2011,11,2,14,6,6.1,56295,15860,18.7,2.0
2011,11,1,16,42,16.7,58455,8502,16.5,0.5
2011,10,31,15,2,8.5,58817,6023,15.0,1.8
2011,10,31,14,54,55.7,56793,7685,35.8,2.4
2011,10,30,6,58,30.6,57631,7295,11.9,3.2
2011,10,29,23,29,15.5,57494,7114,15.0,1.2
2011,10,28,20,6,19.6,58176,8210,10.0,1.0
2011,10,28,4,42,35.5,57545,7092,14.3,1.9
2011,10,27,11,58,41.2,57115,7381,15.0,1.9
2011,10,26,22,57,20.1,57476,6703,0.1,1.6
2011,10,26,3,33,2.2,57652,7227,40.0,1.8
2011,10,25,10,28,9.3,56016,13224,13.1,1.5
2011,10,21,12,43,48.3,53925,14530,27.3,1.6
2011,10,20,15,34,11.3,56117,12337,23.6,1.8
2011,10,20,11,59,37.3,58598,7125,0.1,1.4
2011,10,20,11,31,48.1,58201,7879,2.1,0.7
2011,10,20,10,14,3.9,56266,13048,0.0,1.5
2011,10,20,10,0,16.8,55698,13247,8.6,1.8
2011,10,17,13,28,33.4,58862,6040,15.0,1.7
2011,10,14,15,40,3.7,57514,7038,14.8,1.2
2011,10,14,10,19,39.0,55533,13424,15.0,1.6
2011,10,13,12,0,30.0,55696,13447,15.0,1.5
2011,10,13,6,45,21.2,57611,7472,14.6,3.2
2011,10,12,22,42,34.7,56590,12008,13.4,0.7
2011,10,6,13,0,1.4,55686,13158,0.0,1.9
2011,10,4,13,0,39.5,55712,13355,6.4,1.7
2011,9,30,12,42,34.7,58695,5580,7.8,1.9
2011,9,30,11,58,9.7,55663,13356,0.1,1.6
2011,9,26,13,8,24.9,58868,5865,0.0,1.8
2011,9,26,12,55,57.2,58273,8505,8.1,1.0
2011,9,23,15,49,24.1,58189,7932,1.6,1.3
2011,9,23,10,45,19.0,58695,6830,3.8,1.6
2011,9,22,15,48,12.5,58360,6622,5.6,1.6
2011,9,22,14,3,14.4,58847,5163,91.9,1.9
2011,9,20,23,2,23.3,57567,7277,25.8,1.5
2011,9,20,16,35,48.3,57315,10432,0.1,1.6
2011,9,19,13,39,38.8,58016,7757,12.2,0.9
2011,9,19,11,58,7.9,55670,13353,0.0,1.7
2011,9,16,17,59,2.3,56199,11484,7.4,2.2
2011,9,16,16,40,24.3,56076,11542,0.0,2.3
2011,9,16,16,26,7.8,56278,11517,2.0,2.2
2011,9,16,16,19,24.6,55723,11132,15.0,2.0
2011,9,16,11,58,40.0,56239,14536,15.0,1.8
2011,9,14,17,7,1.7,58846,7794,10.7,1.8
2011,9,9,11,22,38.8,56265,14593,0.0,1.7
2011,9,9,11,4,3.3,57983,14928,15.0,1.8
2011,9,5,13,53,56.1,55480,13546,5.6,1.3
2011,9,5,8,15,50.4,57631,7432,22.5,1.4
2011,9,4,13,32,25.5,57583,7516,28.7,3.4
2011,9,1,0,37,36.4,58887,14074,72.7,2.0
2011,8,29,10,55,18.0,58245,6180,7.2,1.7
2011,8,19,17,17,40.9,57193,7724,36.0,2.6
2011,8,19,15,24,38.9,58636,9607,13.0,1.2
2011,8,19,12,28,58.2,56061,13971,2.4,1.1
2011,8,17,11,17,12.7,56255,14582,4.3,1.9
2011,8,16,14,44,12.1,58762,6754,15.0,1.4
2011,8,15,12,45,16.4,58249,8505,9.3,1.2
2011,8,12,9,20,36.0,55617,13292,2.0,1.3
2011,8,11,11,59,0.6,58477,6339,2.7,1.8
2011,8,7,20,24,36.0,57046,7671,33.6,1.7
2011,8,3,15,32,3.0,58630,10486,105.3,1.7
2011,8,2,21,35,4.2,57561,7067,15.0,2.1
2011,8,2,12,37,16.1,58759,10665,105.1,1.5
2011,8,1,11,13,35.6,55496,13277,10.7,1.6
2011,7,30,5,18,0.4,58922,6973,1.9,2.4
2011,7,27,15,3,7.1,58181,6871,105.6,1.8
2011,7,26,10,52,0.4,58238,6576,0.1,0.8
2011,7,21,14,21,17.9,53561,2290,19.6,3.4
2011,7,20,13,42,39.5,56242,14550,0.0,1.8
2011,7,13,16,22,52.6,58067,10787,15.7,1.7
2011,7,13,12,10,7.1,58661,5859,7.7,1.3
2011,7,13,5,57,42.7,55746,11685,25.3,2.2
2011,7,11,10,16,44.9,55723,13253,0.4,2.0
2011,7,9,8,2,51.2,53928,14449,8.8,1.5
2011,7,9,6,28,27.6,53632,14496,20.8,2.4
2011,7,7,11,4,57.7,58244,6101,40.0,1.5
2011,7,5,12,13,58.2,55656,13386,3.1,1.6
2011,7,5,1,22,29.8,56311,1701,0.0,3.0
2011,7,2,6,32,30.6,57073,7139,27.4,2.6
2011,7,1,9,14,45.3,55722,13258,0.0,1.6
2011,6,30,11,22,23.4,58609,5557,48.8,1.4
2011,6,30,10,46,26.5,55540,13495,7.8,1.5
2011,6,30,3,30,3.1,53776,14569,2.9,1.3
2011,6,29,10,58,16.3,58844,6112,7.1,2.0
2011,6,27,15,48,12.7,53415,6930,35.3,3.2
2011,6,23,12,1,10.6,55674,13339,0.0,1.9
2011,6,22,13,16,53.2,58318,6225,0.0,1.1
2011,6,21,5,53,2.3,57096,7579,91.2,1.7
2011,6,16,8,37,17.4,58278,7963,0.9,1.2
2011,6,12,4,19,48.7,58265,6313,46.8,1.7
2011,6,11,15,30,0.4,54526,14486,15.0,1.7
2011,6,9,13,29,32.6,56073,13852,14.5,1.3
2011,6,8,11,51,8.5,56235,14518,0.2,1.7
2011,6,8,7,55,30.3,58848,7773,15.0,1.8
2011,6,7,12,33,15.2,55646,13360,0.5,1.6
2011,6,6,12,8,10.9,58281,8509,15.0,1.8
2011,6,6,11,15,41.1,55750,13683,19.9,1.5
2011,6,3,0,45,2.6,55322,12681,25.2,1.2
2011,5,30,15,10,29.8,58798,11337,0.0,1.7
2011,5,27,12,53,4.7,58920,6887,9.6,1.5
2011,5,26,13,4,33.8,57539,7470,23.0,2.3
2011,5,26,10,41,4.1,55649,13603,0.0,1.6
2011,5,26,4,53,35.5,54430,16808,3.1,1.8
2011,5,23,11,41,39.8,55521,13363,6.3,1.7
2011,5,20,16,32,31.0,58403,8715,13.8,0.9
2011,5,12,11,27,48.5,58873,6103,11.1,1.6
2011,5,12,11,24,34.1,56597,16040,0.0,1.9
2011,5,12,3,37,0.7,56710,12213,6.4,2.8
2011,5,11,10,40,7.9,58406,5685,15.0,1.4
2011,5,10,12,1,50.8,55649,13151,3.4,2.2
2011,5,9,20,48,50.0,58228,8173,5.3,1.1
2011,5,8,23,36,6.9,57941,8337,39.5,1.3
2011,5,6,12,13,38.3,56175,14420,0.3,2.1
2011,5,5,17,2,18.5,56150,15670,0.0,1.5
2011,5,5,16,49,14.7,56164,15665,0.0,1.5
2011,5,2,17,43,14.5,58789,5705,10.7,2.0
2011,5,2,2,57,17.1,54104,6605,40.1,2.2
2011,4,26,0,24,34.7,55725,12095,32.2,1.1
2011,4,20,9,57,37.6,55693,13546,0.0,1.4
2011,4,5,11,42,9.7,58108,7247,0.0,1.6
2011,4,5,10,38,19.4,56120,13143,15.0,1.4
2011,4,1,9,47,3.7,55676,13082,2.9,1.5
2011,3,31,11,30,8.3,55636,13404,0.0,1.8
2011,3,31,10,59,8.9,55532,13031,0.0,1.8
2011,3,30,13,14,32.8,58326,6274,16.0,1.5
2011,3,29,13,19,57.6,58332,6523,0.0,1.6
2011,3,25,10,57,51.0,55658,13328,0.1,1.4
2011,3,19,22,56,46.3,57031,7081,42.7,1.5
2011,3,18,14,17,15.3,58146,8341,0.0,1.4
2011,3,18,11,37,40.6,58264,7046,15.0,1.4
2011,3,16,14,29,48.1,58816,6081,10.9,1.9
2011,3,16,14,17,3.6,56161,14300,0.0,1.5
2011,3,4,13,50,48.6,58824,9428,0.1,1.3
2011,3,3,14,2,28.4,56400,13932,9.7,1.3
2011,3,1,11,31,1.9,58204,6776,0.1,1.3
2011,2,25,14,46,32.5,58241,8318,7.3,1.4
2011,2,25,11,52,32.8,58596,5752,17.7,1.8
2011,2,24,13,52,0.5,58229,6821,5.2,1.7
2011,2,23,13,30,23.9,58841,6138,9.6,1.9
2011,2,23,12,19,32.1,58203,6810,0.0,2.0
2011,2,19,11,7,45.2,58954,5642,7.6,2.0
2011,2,18,19,5,31.6,54794,7622,40.0,2.5
2011,2,18,12,45,2.8,55513,13208,5.6,1.4
2011,2,13,19,29,2.3,58392,1794,30.5,3.4
2011,2,10,11,15,36.7,56044,14026,1.6,1.7
2011,2,6,11,56,1.4,58319,6524,16.2,1.5
2011,2,6,0,15,58.6,53839,1784,80.8,2.4
2011,2,4,13,2,58.4,58239,6952,15.0,2.0
2011,2,2,2,25,4.5,55777,11696,19.5,1.7
2011,2,1,13,39,40.2,58881,6097,0.0,1.9
2011,1,31,14,9,18.4,58509,8603,11.6,0.9
2011,1,30,13,13,52.8,56671,12063,20.6,1.7
2011,1,28,14,23,37.7,58528,6283,15.0,1.1
2011,1,28,10,59,56.8,55677,13319,3.0,1.5
2011,1,27,14,52,36.6,58274,6916,12.5,2.2
2011,1,26,16,19,59.1,58127,7859,0.0,1.0
2011,1,26,13,53,44.1,55716,13249,1.4,2.0
2011,1,26,13,30,11.0,55636,13311,2.0,1.9
2011,1,22,6,25,48.3,55712,11937,15.0,1.0
2011,1,20,14,24,35.0,58669,5882,8.3,1.9
2011,1,20,1,21,33.1,58153,13474,0.0,2.2
2011,1,19,11,59,9.7,58851,6127,7.4,2.0
2011,1,16,22,43,4.5,56913,5354,9.6,2.3
2011,1,13,15,39,21.0,58190,7828,22.8,1.5
2011,1,13,15,32,43.0,58249,6681,15.0,1.3
2011,1,5,14,32,48.0,58037,7571,27.8,1.3
2011,1,4,13,40,2.3,58108,6732,15.0,1.6
2011,1,1,15,51,11.9,57599,7782,7.9,2.1
2010,12,22,5,13,8.6,57204,6903,25.5,3.3
2010,12,17,19,11,35.1,58801,15028,0.0,2.3
2010,12,15,14,24,36.4,58265,6523,0.3,2.1
2010,12,13,14,15,53.6,58228,6320,15.0,1.9
2010,12,13,14,7,25.5,58877,6158,5.2,1.7
2010,12,10,15,14,54.7,58939,5696,4.8,2.3
2010,12,10,13,9,43.9,58486,5868,0.0,1.8
2010,12,7,18,53,27.8,58297,6379,8.5,2.3
2010,12,2,1,13,17.0,53139,7198,4.1,2.9
2010,12,1,15,10,58.6,58515,5503,7.9,2.2
2010,11,29,14,51,10.1,58652,5837,22.0,1.5
2010,11,29,13,50,33.5,58873,6212,0.0,1.9
2010,11,26,11,23,15.5,58176,6918,15.0,1.6
2010,11,25,14,15,51.6,58134,6172,14.6,2.1
2010,11,25,10,59,6.4,55191,12457,15.0,2.0
2010,11,18,14,19,29.9,58244,6346,15.0,2.3
2010,11,17,14,20,5.8,58341,6421,4.7,1.7
2010,11,10,14,19,55.2,58349,6474,2.6,1.6
2010,11,10,13,12,40.0,58812,6018,15.0,1.9
2010,11,10,4,11,38.5,56826,7848,62.7,1.7
2010,11,8,14,29,29.8,58248,6360,21.6,1.8
2010,11,4,14,17,43.5,58293,6495,3.9,2.4
2010,10,31,5,29,13.2,57032,7322,30.2,2.0
2010,10,29,9,20,52.5,58865,6157,5.8,1.9
2010,10,28,15,25,9.4,58171,6799,15.0,1.8
2010,10,27,8,43,39.4,58864,5805,5.0,2.3
2010,10,22,15,20,24.0,58091,7187,0.0,1.7
2010,10,15,10,18,53.6,58782,5720,6.8,1.8
2010,10,12,16,35,58.5,55253,14307,90.4,2.6
2010,10,6,15,46,33.2,58922,5518,18.4,2.4
2010,10,4,15,11,26.2,58225,6877,10.2,1.7
2010,9,27,14,25,2.0,55990,11179,7.3,2.3
2010,9,20,21,55,1.3,56270,8108,7.5,2.5
2010,9,19,18,32,42.1,56953,7680,53.5,2.0
2010,9,17,12,14,31.3,58433,6293,4.9,1.8
2010,9,13,13,38,20.7,58214,6802,10.6,1.9
2010,9,13,10,31,18.6,58709,909,37.7,2.8
2010,9,10,10,17,23.8,58707,6840,3.5,2.2
2010,9,6,16,49,34.1,56893,10975,0.0,2.0
2010,9,6,14,49,13.1,58831,6076,13.5,2.2
2010,9,3,12,25,7.4,58656,5864,3.3,1.9
2010,9,1,14,5,24.5,58296,6759,17.4,2.1
2010,9,1,5,45,55.0,57058,1768,18.0,3.4
2010,8,26,8,28,38.4,58851,6124,0.7,1.7
2010,8,20,12,47,12.8,58853,9778,22.8,1.9
2010,8,20,12,44,12.5,58775,5559,11.7,1.9
2010,8,16,15,2,55.5,58847,6179,0.0,2.0
2010,8,12,17,11,31.7,58347,8502,4.0,2.0
2010,8,12,16,2,39.5,58939,5472,18.0,1.8
2010,8,11,23,5,47.0,57114,6682,0.0,2.2
2010,8,9,12,39,41.1,58806,6032,2.7,1.7
2010,7,27,1,36,9.7,55271,4854,146.0,2.7
2010,7,22,6,55,49.2,55724,13349,15.0,1.4
2010,7,8,11,2,9.6,58895,6409,14.5,2.1
2010,7,7,19,40,16.4,58987,9961,0.0,1.7
2010,7,7,17,21,14.5,58500,7200,2.9,1.3
2010,6,25,15,59,33.3,55780,16339,0.0,1.2
2010,6,22,12,52,5.2,58314,6247,5.3,1.6
2010,6,18,12,16,53.5,58534,5676,11.0,1.9
2010,6,10,13,30,28.5,58882,6195,4.9,1.9
2010,6,9,13,20,16.0,58900,5671,4.0,1.8
2010,6,9,11,28,46.7,54373,16876,15.3,1.8
2010,5,26,18,45,13.5,58246,8338,2.9,1.1
2010,5,25,13,51,21.8,58877,6270,1.2,2.1
2010,5,21,15,46,52.0,53789,9355,85.8,2.1
2010,5,17,13,54,14.7,55510,12757,35.8,1.0
2010,5,10,13,39,40.4,58881,5583,8.1,2.1
2010,5,6,19,15,55.6,54060,7129,15.0,2.3
2010,5,3,13,22,36.4,58321,6421,0.0,1.8
2010,4,30,11,34,24.7,58780,9038,0.0,1.7
2010,4,23,12,44,33.7,58225,6173,13.7,1.8
2010,4,18,12,29,58.2,58192,7658,32.2,1.9
2010,4,16,13,55,47.9,56411,11485,0.0,2.1
2010,4,15,14,28,4.2,58400,8491,0.1,1.9
2010,4,15,12,43,21.1,58213,6129,19.2,1.8
2010,4,6,12,12,46.2,58890,6329,6.7,1.7
2010,3,31,15,58,24.6,55954,12799,3.0,1.5
2010,3,25,15,22,18.7,58791,5673,15.0,2.3
2010,3,22,14,23,37.6,58916,5574,0.0,1.9
2010,3,14,23,10,31.7,57005,7936,74.1,2.7
2010,3,11,10,15,34.0,56384,11600,15.0,2.6
2010,3,7,5,41,29.7,56939,7691,56.2,1.9
2010,3,6,2,2,1.1,55835,11621,0.1,1.4
2010,2,28,14,53,43.1,57671,7172,58.8,2.2
2010,2,25,23,36,59.1,56871,7584,76.0,2.5
2010,2,24,11,54,1.8,58864,6122,4.9,2.0
2010,2,23,8,32,6.1,57026,7759,39.2,2.1
2010,2,22,20,37,35.6,56708,6772,15.0,2.5
2010,2,21,9,39,25.3,57149,8126,8.1,1.8
2010,2,19,21,9,1.0,56875,7580,39.7,4.3
2010,2,10,17,57,55.5,54258,16571,15.1,1.6
2010,2,10,16,13,49.4,54588,16743,2.0,1.4
2010,2,10,7,9,46.9,58881,1270,15.0,2.4
2010,2,6,19,42,51.2,57949,8139,87.1,1.9
2010,1,28,12,2,37.2,58895,6391,7.1,1.6
2010,1,22,8,25,35.9,57530,7132,39.8,2.6
2010,1,20,14,8,35.7,58120,13676,0.0,2.4
2010,1,13,5,50,34.1,57000,9929,40.1,2.4
2010,1,10,18,20,25.3,58400,7686,7.0,1.9
2010,1,7,13,59,37.3,58911,5711,4.3,1.7
2010,1,6,13,27,40.3,58772,5582,15.0,1.9
2010,1,6,13,12,3.4,58873,6145,2.3,2.1
2010,1,6,11,40,48.9,58530,6189,6.8,1.5
2010,1,6,6,59,16.8,55798,11920,13.2,2.1
2010,1,4,21,24,21.9,57026,7237,40.1,2.1
2009,12,29,5,34,59.9,57535,7456,14.8,2.8
2009,12,25,14,29,19.3,57644,7255,15.0,3.1
2009,11,28,15,22,3.9,57347,7806,15.0,2.2
2009,11,27,14,23,10.2,58388,6469,5.2,2.0
2009,11,26,12,30,33.6,58855,6072,7.8,1.7
2009,11,16,3,55,36.8,57229,7516,15.0,2.0
2009,11,15,2,50,57.6,56958,7379,38.6,2.2
2009,11,12,12,31,53.3,58866,6125,4.9,1.5
2009,11,6,14,16,1.3,58309,6283,8.0,2.4
2009,10,30,8,3,14.6,56870,7179,77.7,2.4
2009,10,27,12,49,0.7,58888,6102,11.4,2.0
2009,10,20,13,9,6.7,58735,4975,15.0,1.9
2009,10,19,13,24,6.0,58937,5754,9.5,2.0
2009,10,15,13,12,1.8,58840,5745,11.3,1.9
2009,10,14,13,26,48.5,58101,6971,0.0,1.2
2009,10,14,10,38,4.8,58876,6169,5.3,2.1
2009,10,7,13,17,6.7,58333,6393,0.8,2.1
2009,10,6,20,10,31.9,56380,13499,20.9,1.6
2009,10,5,23,9,20.6,55987,13905,14.0,1.6
2009,10,5,13,17,56.1,58352,6425,15.0,2.5
2009,10,3,16,19,43.6,57338,8314,15.0,2.1
2009,10,2,13,10,49.6,58863,5779,3.8,2.1
2009,10,1,19,34,11.8,57987,6313,60.9,2.6
2009,10,1,11,35,23.9,58846,6125,5.9,1.4
2009,9,17,13,23,15.8,58306,6303,4.8,2.4
2009,9,15,0,30,21.5,53920,1037,0.0,2.9
2009,9,10,11,16,24.7,58863,5673,5.3,2.3
2009,9,4,12,29,1.5,58812,5642,12.0,2.3
2009,9,1,8,52,23.5,55519,12318,39.6,1.4
2009,8,17,13,25,16.3,58507,5545,11.1,1.9
2009,8,14,20,51,17.1,55564,13618,14.6,2.6
2009,8,12,13,8,42.6,58868,5670,15.0,1.5
2009,8,11,12,39,53.3,58795,6400,15.0,2.2
2009,8,6,13,14,15.2,58436,5838,15.1,2.2
2009,7,18,6,56,21.5,57314,7071,15.0,2.3
2009,7,13,21,16,25.6,57082,7466,28.7,2.3
2009,6,17,10,10,15.4,53599,8718,15.0,2.3
2009,6,16,9,40,26.8,53233,9022,0.1,2.2
2009,6,8,3,54,2.4,57344,10282,38.3,2.6
2009,6,3,18,40,25.0,57977,15764,6.6,3.1
2009,5,27,23,25,50.5,57448,12938,4.0,2.4
2009,5,12,13,21,43.4,58475,6638,7.3,2.0
2009,5,6,17,0,0.1,58161,7806,0.0,1.8
2009,4,25,23,27,18.7,53722,14876,9.2,1.8
2009,4,16,9,59,7.4,56512,13408,11.1,3.2
2009,4,15,13,9,52.0,58782,5748,19.3,1.9
2009,4,7,10,24,18.3,56041,12123,15.0,1.4
2009,2,11,15,3,29.9,58921,5567,3.0,2.1
2009,2,5,10,55,55.4,58244,6181,18.2,2.0
2009,2,4,14,17,9.4,58927,5626,0.6,2.1
2009,1,27,19,26,12.2,58247,7786,0.0,1.8
2009,1,23,14,10,3.7,58881,5773,0.0,1.7
2009,1,14,13,33,47.1,58859,6113,7.9,1.9
2008,12,19,14,24,17.9,58971,5616,5.2,1.9
2008,12,17,14,30,17.4,58905,6110,0.8,2.5
2008,12,16,5,20,2.2,55514,13324,15.3,4.8
2008,12,10,14,33,16.3,53862,9165,0.0,2.7
2008,12,9,13,37,43.8,53707,9307,0.0,1.9
2008,12,4,14,12,44.7,58889,5747,23.2,2.0
2008,12,3,12,11,54.1,58897,6141,8.1,2.1
2008,11,20,14,20,41.8,58962,5635,0.1,2.1
2008,11,16,22,25,6.6,57765,7142,5.6,2.3
2008,11,14,14,17,22.3,58883,5345,15.0,2.1
2008,11,11,15,12,31.7,58945,5544,8.9,2.4
2008,11,11,14,7,31.0,58159,11365,2.7,2.2
2008,11,6,13,28,58.1,58852,6123,6.4,2.1
2008,10,30,14,9,42.0,58823,5708,18.6,2.0
2008,10,17,15,1,0.2,58901,5540,5.0,1.5
2008,10,11,8,10,53.6,58254,8304,7.7,1.5
2008,10,10,6,11,55.6,57503,7262,27.1,2.2
2008,10,3,17,50,57.2,58218,7862,5.9,1.9
2008,9,26,7,18,13.0,58123,7153,8.9,1.7
2008,9,25,13,20,48.0,58207,6290,14.9,1.7
2008,9,24,14,5,54.7,58355,8511,0.0,2.0
2008,9,23,9,14,8.9,58851,6111,2.9,2.0
2008,9,17,17,52,16.1,58975,5577,12.6,1.9
2008,9,17,16,22,30.2,56281,11629,0.0,2.5
2008,9,13,6,18,41.0,56764,3648,0.0,3.1
2008,9,11,17,0,57.2,58988,10117,4.0,2.0
2008,9,11,13,32,11.4,58635,5407,30.9,1.8
2008,9,7,4,1,5.7,57679,6711,0.0,1.9
2008,8,21,16,5,34.4,58916,5563,5.4,1.9
2008,8,13,16,29,53.9,58836,5957,0.0,2.2
2008,8,8,8,46,58.7,58786,5625,12.9,1.9
2008,7,22,14,19,38.6,57654,4444,0.9,2.3
2008,6,27,12,33,14.6,59000,5963,0.0,1.5
2008,6,25,23,40,51.5,57545,7481,13.9,2.7
2008,6,19,7,59,21.1,58252,7474,4.1,1.8
2008,5,31,20,13,53.5,57061,7165,15.0,2.7
2008,5,28,11,31,2.6,58834,6132,2.5,1.9
2008,5,23,13,29,41.5,58727,10051,65.8,2.1
2008,5,21,16,52,4.0,53938,9677,17.6,2.3
2008,5,20,13,13,24.0,58541,5693,10.0,1.8
2008,5,13,17,53,5.0,58263,6485,15.0,1.6
2008,5,10,10,2,50.9,54513,16763,0.8,1.7
2008,5,1,3,4,11.1,56343,12788,15.0,1.8
2008,4,25,16,52,51.8,58133,8221,7.1,1.8
2008,4,24,14,31,26.9,58311,8535,0.0,1.7
2008,4,21,15,20,2.3,58158,8410,15.4,1.8
2008,4,17,13,30,33.7,58774,5704,30.2,1.7
2008,4,14,16,2,2.8,58935,5506,10.3,2.0
2008,4,9,12,10,24.6,57166,7181,10.0,2.5
2008,4,8,13,17,32.8,58911,5622,0.0,2.2
2008,4,7,18,12,2.0,55878,13112,14.7,1.7
2008,4,7,12,37,58.2,57500,6933,15.0,2.2
2008,4,3,0,6,20.0,53252,9097,15.0,2.5
2008,4,1,12,37,25.4,58242,8203,0.0,2.0
2008,4,1,11,32,32.9,58846,6111,11.4,2.1
2008,3,27,12,59,45.4,58986,5602,8.3,1.4
2008,3,14,17,30,24.1,58145,7816,15.0,2.1
2008,3,12,14,30,7.4,58938,5610,5.9,1.6
2008,3,10,1,12,52.6,53164,16785,15.0,2.3
2008,2,28,13,28,24.3,58860,6095,13.1,1.9
2008,2,25,16,11,42.2,58518,5641,12.1,2.1
2008,2,24,20,27,38.8,56529,12382,7.7,2.1
2008,2,20,4,53,8.8,55478,4428,10.0,2.6
2008,2,19,15,4,48.8,58175,8326,18.2,1.7
2008,2,14,14,36,28.0,58922,5555,7.2,2.0
2008,2,13,14,17,39.3,58928,5564,5.9,2.0
2008,2,11,14,24,46.5,58106,6363,37.1,1.9
2008,2,9,21,39,27.4,58435,7600,3.3,1.9
2008,2,8,14,2,48.3,58928,5704,6.7,2.2
2008,2,3,14,52,32.3,57662,8193,15.0,2.4
2008,1,30,14,5,48.5,58844,6089,12.9,2.1
2008,1,24,18,51,50.8,57609,7284,15.0,3.0
2008,1,9,22,39,4.2,58216,978,38.2,3.2
2008,1,8,14,17,32.2,58880,5343,15.0,1.6
2007,12,21,9,48,33.6,58872,5272,37.3,1.4
2007,12,19,13,33,54.2,57694,7128,15.0,2.5
2007,12,7,12,0,59.5,58777,5710,5.3,2.1
2007,12,5,11,8,23.3,57399,10710,15.0,2.2
2007,11,28,14,27,51.7,58977,17246,15.0,2.8
2007,11,20,14,43,21.8,58177,12761,15.1,2.7
2007,11,20,10,41,3.6,53530,9001,3.4,2.5
2007,11,19,11,16,17.4,55110,14646,15.0,2.3
2007,11,16,14,56,23.3,58889,5545,4.7,1.7
2007,11,1,11,56,35.1,58821,6058,6.7,2.3
2007,10,26,12,39,3.5,58890,9516,15.6,2.1
2007,10,25,16,9,14.5,58217,8410,2.1,1.4
2007,10,19,13,35,9.8,58922,5569,9.8,1.8
2007,10,19,9,12,27.4,58803,5632,30.7,1.3
2007,10,10,22,22,2.7,57628,7231,29.6,1.7
2007,10,5,13,9,57.0,58935,5445,25.1,0.9
2007,10,5,7,32,58.4,53042,2375,9.9,3.5
2007,10,3,12,35,13.1,57489,10792,15.0,2.5
2007,10,2,15,20,50.1,57553,10431,0.0,2.3
2007,10,1,15,28,31.2,58902,5554,0.1,1.8
2007,9,28,21,56,8.4,57094,7138,20.0,2.5
2007,9,25,12,28,3.5,58829,6067,13.9,1.8
2007,9,10,10,31,37.8,58845,6138,8.4,2.2
2007,9,7,10,48,1.2,57508,6950,15.0,2.0
2007,9,5,18,11,19.1,58882,5530,0.0,1.8
2007,9,4,13,46,6.1,58919,5553,5.7,2.1
2007,8,31,13,35,45.7,58882,6915,16.3,1.4
2007,8,27,12,34,11.3,58839,6077,13.5,2.2
2007,8,21,1,53,51.0,58393,7754,0.0,1.6
2007,8,16,13,15,0.5,58898,5539,5.6,1.6
2007,8,13,16,4,55.8,58810,6095,2.4,1.7
2007,8,12,11,38,42.7,58323,5913,15.0,1.5
2007,8,9,16,5,44.0,58728,5481,15.0,1.5
2007,8,7,13,10,1.4,58825,5732,9.2,1.5
2007,8,3,17,21,52.0,58154,7887,12.9,1.6
2007,7,24,1,1,18.6,57186,1837,4.5,3.1
2007,7,21,15,14,6.7,56996,7399,15.0,3.0
2007,7,21,9,45,31.1,56366,12249,230.3,2.5
2007,7,15,8,2,8.6,57701,6612,15.0,2.2
2007,7,13,8,41,22.3,58623,5541,40.4,1.5
2007,7,11,9,10,50.8,58837,6119,3.4,2.1
2007,7,5,13,20,27.5,58882,5546,0.1,1.6
2007,7,3,14,25,2.2,58384,8579,20.7,3.0
2007,6,25,16,57,27.4,58809,6090,5.4,1.6
2007,6,24,0,5,33.2,58688,1071,39.5,2.1
2007,6,23,8,35,51.7,56653,9848,14.8,2.3
2007,6,21,15,27,53.3,57934,7463,0.1,1.7
2007,6,18,20,26,28.3,56649,12103,27.7,2.0
2007,6,18,15,1,38.9,58840,6077,12.9,1.6
2007,6,11,6,44,55.4,57512,6767,15.0,2.2
2007,6,8,12,58,37.9,58925,5676,0.1,1.2
2007,6,6,13,12,29.9,58868,5800,9.0,1.3
2007,6,6,12,15,47.8,58681,9290,15.0,1.7
2007,6,4,17,34,44.5,57064,1755,10.0,3.8
2007,6,1,20,3,16.9,57654,6725,15.0,1.7
2007,6,1,11,0,34.0,58844,6088,14.7,1.9
2007,5,25,11,39,6.9,58766,5673,0.0,1.6
2007,5,24,13,16,19.5,58894,5660,0.1,1.6
2007,4,26,13,0,47.0,58851,5679,15.0,2.1
2007,4,26,9,11,2.5,58893,5522,4.8,2.0
2007,4,22,22,44,14.8,58759,13555,0.1,2.4
2007,4,21,8,15,0.9,56384,6956,21.0,2.4
2007,4,21,5,0,0.1,56636,6176,22.0,2.6
2007,4,18,15,1,17.7,58838,6062,31.7,1.8
2007,4,16,12,30,32.9,56970,7171,36.6,2.3
2007,4,13,12,54,16.2,58682,5678,32.3,1.5
2007,4,4,4,49,1.5,57027,6941,74.5,2.2
2007,3,30,12,5,30.7,58892,5554,5.8,2.0
2007,3,27,13,27,52.6,58808,5717,11.3,1.7
2007,3,27,12,11,16.0,58818,6085,4.5,2.1
2007,3,23,14,13,56.8,58691,5852,15.1,1.9
2007,3,8,17,5,28.5,58817,6093,9.0,2.2
2007,3,4,22,5,39.7,58552,1594,20.0,2.7
2007,2,28,13,28,10.9,58270,13308,0.0,3.2
2007,2,23,11,53,29.0,58859,6101,13.7,1.8
2007,2,21,4,30,10.3,56994,7339,30.9,2.6
2007,2,20,15,22,19.3,58670,10133,18.6,2.2
2007,2,8,14,11,8.8,58840,5718,11.8,1.7
2007,2,7,15,43,28.0,58361,8190,0.0,1.4
2007,2,6,15,58,17.3,58842,6061,33.9,1.7
2007,2,6,14,3,4.3,58924,5679,5.4,2.0
2007,2,2,14,37,36.0,57170,7522,15.0,2.9
2007,2,2,1,46,44.9,58227,8544,0.0,2.2
2007,2,1,15,40,28.9,58605,5529,56.4,2.1
2007,2,1,2,11,24.7,56917,7133,15.0,2.3
2007,1,28,10,30,54.6,57771,6338,37.6,4.1
2007,1,24,15,2,58.3,58469,5107,15.0,1.9
2007,1,19,13,24,8.1,58767,5776,13.1,1.5
2007,1,3,14,0,16.7,58826,6032,14.9,1.6
2006,12,21,10,3,45.8,58679,5775,15.0,1.5
2006,12,20,14,39,39.1,58754,5634,10.3,1.6
2006,12,18,14,0,6.3,58836,6061,15.0,1.9
2006,12,8,22,40,12.9,57488,6821,15.0,2.5
2006,12,8,22,40,11.9,57453,6841,13.9,2.4
2006,11,27,15,25,28.3,58809,6062,3.4,2.3
2006,11,23,10,17,29.6,57880,12305,18.2,2.5
2006,11,15,14,4,5.1,58832,6095,10.7,1.8
2006,11,10,10,49,3.6,58019,7785,1.7,2.0
2006,11,3,14,30,24.9,58734,5481,36.9,1.7
2006,11,3,12,50,58.8,58864,6246,14.5,2.0
2006,10,29,21,13,10.4,53232,11398,40.0,2.6
2006,10,24,23,0,0.5,58273,1319,15.2,2.7
2006,10,24,14,59,42.5,58852,5565,6.1,1.8
2006,10,24,13,21,11.3,58496,13029,15.0,2.7
2006,10,14,12,2,2.4,57639,6719,0.0,1.8
2006,10,5,11,22,15.1,58748,9513,75.9,2.0
2006,9,25,21,33,56.6,57597,7375,13.4,2.5
2006,9,25,12,44,56.3,57596,7368,14.1,2.6
2006,9,15,14,4,9.5,58924,5602,5.9,2.1
2006,9,13,13,22,56.5,58401,8423,15.0,1.4
2006,8,28,15,27,23.4,57478,14285,0.0,2.6
2006,8,25,14,14,24.9,58788,7456,15.0,1.6
2006,8,24,13,5,57.0,58915,5688,6.7,1.9
2006,8,18,13,4,52.5,58826,5791,9.1,1.6
2006,8,14,13,30,21.8,58823,6075,9.1,2.3
2006,8,10,14,18,27.2,58912,5505,0.1,1.8
2006,8,8,5,3,59.3,53424,6978,0.0,2.9
2006,8,3,12,43,26.3,58855,6115,15.0,1.6
2006,8,2,13,12,9.2,58873,5729,11.5,1.7
2006,7,19,18,56,2.1,57538,6777,11.6,2.3
2006,7,16,11,58,0.9,56406,11633,15.0,2.3
2006,7,9,11,42,19.9,57051,11026,9.4,2.3
2006,7,6,15,29,54.8,58757,5495,10.0,1.9
2006,7,4,15,43,43.4,58766,5758,15.0,1.7
2006,7,2,23,23,22.1,58541,1832,15.0,2.0
2006,6,29,9,35,20.0,58699,2605,10.0,1.8
2006,6,27,19,21,34.7,57231,6892,15.0,2.2
2006,6,21,16,1,41.4,58828,5589,11.0,2.1
2006,6,21,11,40,57.4,58812,9431,18.2,1.9
2006,6,17,17,4,23.3,53503,6554,12.7,3.0
2006,6,16,23,28,33.4,55447,15427,26.9,2.1
2006,6,12,13,38,44.8,58877,6208,0.0,1.7
2006,6,9,12,30,9.5,58774,5626,15.1,1.0
2006,6,9,10,30,35.4,58211,6811,19.5,1.2
2006,6,9,10,27,39.6,58203,6646,2.9,1.4
2006,6,8,17,2,28.7,58807,5655,0.0,1.5
2006,6,8,9,43,16.1,55631,13557,15.0,1.6
2006,6,7,15,43,24.2,58875,6206,3.7,2.2
2006,6,5,19,3,24.7,58301,11408,0.0,2.5
2006,6,1,13,24,20.3,58933,5704,13.8,1.6
2006,5,31,21,52,50.0,58298,9727,5.4,2.7
2006,5,25,11,55,4.2,57327,6508,15.0,2.2
2006,5,11,16,27,2.5,58988,10230,13.2,2.1
2006,5,11,10,46,47.2,58549,5392,38.8,1.3
2006,5,8,14,26,1.8,58810,5573,10.0,2.2
2006,5,5,15,34,32.9,58879,5677,10.6,1.4
2006,5,3,19,47,23.2,55772,16149,15.0,2.2
2006,4,30,5,34,12.3,57522,6269,13.4,1.8
2006,4,18,14,17,50.6,58912,5556,8.1,1.7
2006,4,12,6,25,39.6,57701,6777,13.0,2.2
2006,4,10,11,32,34.7,58078,7286,12.5,2.9
2006,4,10,6,20,54.4,57433,6349,15.0,2.0
2006,4,5,18,20,3.3,54363,10231,15.0,2.4
2006,4,4,14,28,19.1,58848,6157,15.0,2.3
2006,4,4,7,12,35.6,57586,6916,30.2,2.1
2006,4,2,15,51,28.7,54017,6917,39.9,2.7
2006,4,1,12,42,32.4,58199,11266,2.7,2.4
2006,3,30,9,58,57.3,55719,7228,0.0,2.4
2006,3,29,14,46,16.9,58852,5616,5.3,1.9
2006,3,23,18,27,43.3,57719,10317,15.0,2.5
2006,3,23,13,59,10.5,58932,5678,0.1,2.1
2006,3,22,3,4,39.2,55691,12054,29.7,1.1
2006,3,20,10,41,15.3,55672,12936,15.0,2.1
2006,3,14,17,8,24.5,58783,5406,10.0,1.7
2006,3,14,14,23,25.1,58729,5356,35.9,2.2
2006,3,13,12,50,56.2,57410,9339,15.0,2.4
2006,3,8,15,5,51.9,57550,10899,0.1,2.1
2006,3,1,15,26,53.7,58363,10498,0.0,2.6
2006,3,1,15,3,50.5,58387,10466,0.0,2.5
2006,2,28,9,34,40.1,57053,9353,0.0,2.2
2006,2,23,14,10,13.1,58449,5713,26.6,1.5
2006,2,23,13,59,54.4,58932,5532,27.7,1.2
2006,2,22,15,3,42.9,58822,5694,11.3,1.9
2006,2,13,13,54,58.4,58260,6849,3.3,1.5
2006,2,13,9,46,10.3,58665,5640,31.2,1.4
2006,2,10,15,33,10.0,58836,5606,9.7,1.9
2006,2,10,12,55,12.9,58364,5433,29.6,1.6
2006,2,7,14,55,35.8,58831,6121,9.5,2.0
2006,1,31,22,26,59.6,58225,6188,16.6,1.2
2006,1,17,12,55,46.3,58146,6947,11.6,1.5
2006,1,13,14,33,8.6,58813,5488,10.3,1.9
2006,1,10,0,20,33.4,57053,6852,32.6,2.3
2006,1,3,14,30,45.9,58827,6108,10.2,2.2
2005,12,29,11,30,12.2,58861,5622,8.1,2.2
2005,12,9,14,2,56.2,58760,9941,38.3,2.1
2005,11,23,2,59,56.8,56317,12283,15.0,1.4
2005,11,22,12,41,21.5,58772,9527,24.3,2.2
2005,11,9,1,45,55.6,56356,12220,12.3,1.3
2005,10,28,7,22,23.0,57620,7029,13.5,3.7
2005,9,15,21,27,43.5,58089,7012,0.0,1.8
2005,9,7,17,32,25.2,54752,4511,0.0,2.9
2005,9,3,22,59,52.4,57589,6596,4.7,2.1
2005,9,1,21,36,57.7,58075,7025,0.0,1.9
2005,8,21,16,22,6.1,57063,7237,28.6,2.4
2005,8,4,13,34,51.5,58852,5403,9.2,2.1
2005,7,23,17,5,40.4,57132,6813,18.0,2.8
2005,7,6,15,46,53.2,57515,6646,15.0,1.9
2005,6,24,3,30,4.9,57454,7146,0.0,1.8
2005,6,23,13,0,24.2,58647,5855,6.8,1.7
2005,6,23,12,59,46.6,57722,6952,15.0,2.4
2005,6,22,15,6,35.5,58880,5732,15.0,1.7
2005,6,21,15,42,14.5,58830,6096,12.9,1.8
2005,6,13,2,30,37.8,57208,6745,20.5,2.0
2005,6,2,16,6,1.6,58884,5488,6.6,2.1
2005,5,23,23,51,7.6,57701,7399,15.0,2.4
2005,5,19,18,2,1.8,58143,7074,7.7,1.5
2005,5,19,13,34,55.1,58306,8233,8.0,1.7
2005,5,13,1,8,6.2,57450,6859,15.0,2.0
2005,5,12,18,6,38.9,57620,6987,15.0,2.1
2005,5,12,2,20,9.4,57749,6478,2.5,1.7
2005,5,11,16,36,29.6,58233,6916,1.9,1.4
2005,5,10,5,20,58.9,57601,7083,61.7,2.1
2005,5,4,14,2,31.7,58851,5476,7.4,2.3
2005,5,2,16,4,20.4,58790,5575,0.1,1.5
2005,4,11,18,53,9.3,58292,5736,31.1,1.8
2005,3,11,9,1,7.5,58851,6088,13.0,2.1
2005,3,10,6,50,21.2,57750,6358,15.0,1.8
2005,3,9,23,15,23.5,58130,11402,15.0,2.1
2005,3,9,19,16,11.6,55572,14711,14.3,1.4
2005,2,23,6,33,9.5,57471,6942,15.0,2.2
2004,12,21,10,34,7.1,58987,5544,4.9,2.2
2004,11,27,23,23,31.1,56820,8309,3.5,1.2
2004,11,26,10,1,16.5,58890,5569,9.4,2.3
2004,11,4,15,58,8.2,58779,5666,0.0,1.7
2004,10,27,18,2,33.9,55112,9286,15.0,2.4
2004,10,27,16,27,0.5,56492,10954,2.7,2.1
2004,10,27,14,4,16.7,56743,11714,15.0,2.6
2004,10,19,13,46,44.1,57062,7190,0.0,2.5
2004,10,18,11,26,5.3,58111,6221,29.0,1.5
2004,10,18,10,44,53.4,58144,6819,24.3,1.7
2004,10,18,4,26,58.5,58551,9917,28.7,2.1
2004,10,15,13,1,42.0,58891,5635,8.6,1.9
2004,10,14,12,6,45.3,58131,6931,15.0,1.9
2004,10,14,11,54,3.9,58193,6902,24.1,1.8
2004,10,13,12,12,8.7,58198,6917,15.0,1.9
2004,10,13,12,1,19.9,58069,6906,39.7,1.8
2004,10,11,14,30,0.7,57236,7099,0.1,2.2
2004,9,29,23,15,20.5,57272,17167,5.0,2.4
2004,9,29,19,45,23.4,57328,17029,12.3,2.8
2004,9,28,11,53,41.2,57828,7607,15.0,3.4
2004,9,25,10,42,33.7,58144,6888,20.0,1.9
2004,9,3,9,31,26.8,58168,7744,17.5,3.4
2004,9,2,11,42,12.1,57554,7357,20.8,2.7
2004,9,1,13,20,48.0,58304,6339,3.9,2.3
2004,8,27,12,45,30.6,58870,5602,9.8,2.0
2004,8,17,14,22,0.5,58815,5803,0.0,1.5
2004,8,16,14,18,52.0,58653,5426,30.4,1.7
2004,8,15,21,49,51.8,57991,6257,18.3,1.9
2004,8,13,19,30,50.3,58173,7031,22.4,2.0
2004,8,13,13,4,20.0,58797,5486,35.3,1.7
2004,8,11,10,47,43.9,58165,6374,12.8,1.8
2004,8,9,16,47,31.5,58496,5653,30.4,1.9
2004,8,6,20,14,14.6,58117,7200,0.0,1.8
2004,8,2,6,16,2.7,54145,13069,0.0,2.0
2004,7,17,21,36,21.3,55379,12532,10.8,1.7
2004,7,13,11,58,39.6,58201,6821,1.4,1.8
2004,7,9,8,0,47.6,58831,6098,14.2,1.5
2004,7,5,18,9,36.5,57489,7061,15.0,2.2
2004,7,5,15,33,27.1,58147,6847,0.0,1.5
2004,7,3,7,47,34.3,58156,6814,0.3,1.7
2004,7,2,13,0,52.2,58888,5750,0.1,1.2
2004,6,25,17,48,35.5,58917,5586,2.1,2.5
2004,6,25,8,2,18.8,58833,6037,33.2,1.7
2004,6,23,17,6,47.6,58154,6894,11.6,1.6
2004,6,10,18,58,20.9,58148,6929,0.0,1.8
2004,6,10,11,53,53.5,58254,8366,0.0,1.4
2004,6,1,17,0,8.1,58881,5589,9.0,1.4
2004,5,31,2,10,16.6,55405,11721,14.3,2.1
2004,5,4,12,37,31.0,58060,7840,4.7,2.0
2004,5,4,10,45,39.1,57967,7820,4.1,2.2
2004,4,28,1,27,57.5,58375,7674,8.5,2.2
2004,4,27,11,5,1.9,57947,8214,0.0,2.4
2004,4,21,21,53,33.9,58163,791,40.1,2.6
2004,3,31,23,18,14.5,58769,1083,24.3,2.2
2004,3,11,17,6,10.5,58833,9279,0.0,2.1
2004,3,10,14,0,0.4,58903,5659,9.5,1.8
2004,3,10,11,9,22.4,56388,11213,15.0,2.4
2004,3,5,13,49,48.9,58834,9512,15.0,2.0
2004,3,5,9,43,47.7,58272,6214,23.3,1.7
2004,3,3,10,56,52.6,57621,6644,0.0,1.9
2004,3,2,14,23,1.3,57898,3893,6.0,2.3
2004,2,26,8,51,9.3,56812,7883,47.8,1.9
2004,2,25,15,56,59.4,58428,5323,63.3,2.4
2004,2,23,8,38,26.5,55524,12212,33.7,2.9
2004,2,3,3,48,9.9,58303,11225,8.6,2.5
2004,2,3,3,26,19.2,58407,10396,15.0,2.3
2004,1,31,4,13,47.6,57766,7670,15.0,2.0
2004,1,23,6,40,59.9,57080,7060,15.1,2.7
2004,1,21,8,11,33.8,55823,11635,26.1,2.0
2004,1,5,12,0,40.1,58731,5378,46.8,1.6
2003,12,4,20,4,15.8,58416,10207,2.9,2.7
2003,12,3,0,34,47.2,57952,8364,15.0,2.6
2003,11,28,23,21,21.9,57370,10712,0.1,2.8
2003,11,27,9,6,26.3,55799,11732,26.2,2.2
2003,10,23,14,10,13.8,58629,7806,0.7,1.6
2003,10,2,1,23,42.0,56956,6873,15.0,1.9
2003,9,4,10,21,45.2,58165,6033,34.5,1.6
2003,9,2,13,18,50.7,58331,6549,40.0,1.8
2003,8,22,3,49,38.1,56665,11518,15.0,3.2
2003,8,7,12,34,48.0,57730,11421,12.0,2.3
2003,8,6,16,57,53.2,58722,5584,8.0,1.5
2003,8,3,18,5,16.1,57799,11923,15.0,2.6
2003,7,30,13,14,54.2,58840,5435,10.4,2.0
2003,7,28,12,36,57.1,57762,11892,4.5,2.6
2003,7,10,5,5,39.9,56745,9283,11.4,2.7
2003,7,10,3,46,35.6,57622,11676,0.0,3.1
2003,6,28,9,3,42.7,57746,11670,8.9,2.9
2003,6,25,10,59,12.7,57693,11843,1.3,2.9
2003,6,17,15,36,33.9,57594,11375,15.0,2.7
2003,5,24,20,19,5.5,57744,11673,0.0,2.2
2003,5,20,23,41,40.8,57704,11690,1.4,2.4
2003,5,19,7,18,18.9,57717,11619,2.3,2.7
2003,5,17,14,1,36.7,57733,11655,4.4,2.7
2003,5,15,8,23,46.8,57707,11592,3.6,2.5
2003,5,13,6,49,37.7,57846,11774,0.0,3.0
2003,5,12,14,16,26.0,58834,6081,3.0,1.6
2003,5,11,4,13,47.7,57737,11552,0.1,2.4
2003,4,27,11,43,6.9,57660,11568,0.0,2.6
2003,4,25,17,12,52.3,56872,7824,40.1,2.0
2003,4,10,17,21,44.5,58274,6066,22.6,1.9
2003,4,10,15,37,43.8,58395,5964,5.2,1.7
2003,4,9,18,11,42.3,58420,9081,14.4,1.9
2003,3,31,15,18,24.1,58756,1501,0.0,2.2
2003,3,26,0,22,9.3,57731,11683,15.0,2.4
2003,3,20,14,15,50.9,58230,8340,4.7,1.9
2003,3,20,12,38,42.9,58235,5955,28.9,1.6
2003,3,20,3,44,45.2,55558,2187,297.9,2.4
2003,3,17,20,59,28.6,57388,13878,35.6,2.2
2003,3,16,23,47,3.4,57624,13998,40.1,2.6
2003,3,14,15,4,43.1,58952,5635,34.5,1.2
2003,3,13,14,0,4.8,58840,5640,15.0,1.6
2003,3,10,3,56,51.4,57862,12129,15.0,2.9
2003,3,9,14,41,54.8,57746,12066,0.0,2.5
2003,3,4,6,31,16.5,57570,5993,213.7,2.4
2003,2,26,9,18,59.6,58847,6076,9.1,1.5
2003,2,26,3,48,2.4,57590,11548,0.0,2.3
2003,2,25,15,58,3.4,58902,9009,8.9,1.7
2003,2,25,10,38,22.0,58811,9193,23.7,2.0
2003,2,25,9,9,37.6,57556,13045,10.0,2.7
2003,2,22,10,2,59.9,58765,9044,2.2,1.6
2003,2,22,1,18,59.6,57795,12013,11.8,2.4
2003,2,16,2,55,52.8,57610,11642,0.0,2.7
2003,2,15,5,31,42.0,57815,12064,14.9,2.4
2003,1,25,9,11,49.2,57276,6865,27.0,2.5
2003,1,23,16,13,55.6,58092,11760,15.0,2.4
2003,1,22,9,11,46.7,58159,11455,7.8,2.6
2003,1,9,13,42,53.0,58777,6243,15.0,1.7
2002,12,12,16,35,41.4,57508,7120,6.9,2.0
2002,11,25,16,23,30.4,58760,633,0.0,2.2
2002,11,18,21,28,19.7,56630,11868,2.8,2.0
2002,10,22,15,0,32.6,58751,5634,26.2,1.4
2002,10,21,9,47,32.1,58080,6285,10.0,1.8
2002,9,25,15,22,44.0,56337,11090,15.0,1.8
2002,9,13,5,10,24.1,57197,10801,7.5,2.0
2002,8,29,7,48,39.8,58422,10507,5.2,2.6
2002,8,27,23,6,37.4,57718,10521,4.9,2.2
2002,8,25,4,43,27.2,58117,924,10.0,3.2
2002,6,30,23,34,12.2,57789,6969,15.0,2.7
2002,6,14,10,13,47.2,58843,6074,0.8,1.1
2002,6,13,19,19,11.9,56531,11605,16.0,2.2
2002,5,30,3,54,51.1,57069,7240,26.3,2.5
2002,5,28,14,26,33.4,58817,4760,0.0,2.4
2002,5,28,14,8,11.8,58764,4880,10.5,2.2
2002,5,28,14,4,52.7,58633,4767,15.0,2.6
2002,5,28,13,42,20.9,58757,5000,2.7,2.1
2002,5,26,14,48,15.3,57029,7164,17.5,2.5
2002,5,19,22,48,43.5,57720,7077,8.9,2.7
2002,4,3,11,35,20.1,58369,10510,0.0,2.6
2002,4,3,11,26,25.8,58449,10516,15.0,2.6
2002,3,28,12,45,43.1,58323,13725,15.0,3.0
2002,3,2,0,40,38.0,57271,6859,15.0,2.3
2002,2,11,13,37,31.0,58572,8881,0.0,2.0
2002,2,7,17,50,11.8,58186,6366,15.0,1.8
2002,2,7,10,9,49.0,58457,10475,3.2,2.7
2002,1,27,17,30,35.3,56739,7505,15.0,2.4
2002,1,13,18,26,7.7,57580,7117,15.0,2.4
2001,11,10,0,28,16.1,58605,1264,0.0,2.6
2001,11,6,18,5,28.0,55677,11701,19.7,2.8
2001,11,2,17,21,16.8,57140,11275,14.6,2.2
2001,10,21,0,31,26.7,56733,7661,29.1,3.4
2001,10,20,8,31,44.3,58217,6265,0.0,1.9
2001,9,21,4,12,14.2,58435,12314,37.0,2.4
2001,9,15,6,52,32.8,57046,9287,0.4,2.7
2001,8,10,8,1,42.7,55217,14979,15.0,1.2
2001,7,21,16,35,57.5,54121,12606,15.0,3.2
2001,7,18,21,17,50.6,57007,6761,14.9,2.8
2001,6,2,0,44,51.7,56801,7803,59.3,3.5
2001,5,11,7,44,7.0,57717,11401,7.5,2.4
2001,5,9,13,44,52.0,57272,9746,15.0,2.6
2001,5,8,14,5,21.5,58756,9563,0.0,1.9
2001,5,7,9,43,31.7,56626,3122,4.5,3.6
2001,5,4,14,35,59.3,57495,10947,0.0,2.7
2001,3,25,21,11,14.3,56901,6841,15.0,2.7
2001,3,19,15,27,1.9,58721,5617,0.0,1.4
2001,3,14,22,20,41.3,58285,723,15.0,3.5
2001,2,24,21,35,6.0,57515,6829,15.0,2.4
2001,2,16,10,17,53.5,58362,7276,0.1,1.8
2001,2,4,8,37,1.5,58013,9120,3.8,2.3
2001,1,20,11,54,51.0,58994,17930,36.9,3.0
2000,12,29,4,7,23.6,58511,12872,0.0,2.9
2000,12,20,14,15,59.8,57227,13427,15.0,3.1
2000,12,10,20,1,19.0,56299,11531,0.0,2.6
2000,11,7,16,29,22.7,57587,6815,6.3,3.2
2000,10,19,10,27,24.5,57639,6962,12.6,3.8
2000,10,3,13,25,34.5,58454,10385,8.2,2.6
2000,9,28,10,53,42.6,57838,10959,0.0,2.7
2000,8,30,12,36,12.1,57724,7056,15.0,2.4
2000,8,26,23,11,56.0,58529,1962,15.0,3.0
2000,6,6,15,21,1.5,57436,6585,5.4,2.2
2000,5,17,12,19,50.8,57926,8263,9.5,2.8
2000,5,12,13,14,19.2,58331,6575,2.7,2.2
2000,4,7,15,58,32.3,56199,11476,15.0,2.9
2000,4,4,2,27,22.5,56993,7893,26.7,2.4
2000,3,28,6,40,17.8,57888,6630,15.0,2.6
2000,2,9,6,5,34.8,57313,5640,15.0,2.6
2000,1,31,4,29,30.7,56460,12023,5.9,2.0
2000,1,20,3,3,57.2,53749,7536,0.0,3.1
2000,1,9,21,18,29.1,57082,6710,34.3,2.5
1999,10,10,16,27,31.5,58226,12674,15.0,3.4
1999,10,2,15,56,58.2,58984,6461,9.3,1.6
1999,9,9,18,16,38.6,58211,13376,10.0,3.2
1999,9,2,13,29,37.6,57627,6623,15.0,2.7
1999,8,17,12,49,10.0,58799,7344,10.5,1.9
1999,6,2,13,0,12.6,57461,8275,10.5,2.7
1999,5,31,14,52,59.6,58205,8923,15.0,2.8
1999,5,27,16,5,40.5,56037,11912,15.0,2.4
1999,5,27,16,5,40.0,56005,11867,5.5,2.4
1999,5,27,13,15,46.6,58540,7476,0.0,1.7
1999,4,27,7,11,8.1,57439,9451,0.9,2.4
1999,4,26,17,15,21.8,58541,8250,15.0,2.1
1999,4,17,12,48,15.4,58682,8131,3.5,1.7
1999,3,27,20,17,39.9,58348,7624,12.0,2.5
1999,3,27,19,24,54.3,58315,7592,4.0,2.6
1999,3,26,13,32,42.5,58922,5567,0.0,1.7
1999,3,25,14,15,0.6,58424,6552,14.2,2.0
1999,3,23,11,58,4.8,58436,7458,9.2,2.4
1999,3,17,16,0,49.2,58965,5729,0.0,1.6
1999,3,9,0,38,40.9,57277,6778,19.0,2.7
1999,2,19,14,17,51.4,58011,8127,15.0,2.7
1999,1,8,14,16,33.3,58891,9195,0.0,2.0
1998,12,17,14,21,38.1,58264,6528,2.6,2.7
1998,12,3,11,43,56.1,58996,5952,0.5,2.6
1998,12,2,14,22,25.2,58845,5388,52.4,2.1
1998,11,26,12,6,47.7,58976,9301,15.0,2.2
1998,10,24,15,49,38.7,57020,7288,15.0,2.9
1998,10,2,22,36,29.8,57132,6795,10.2,2.6
1998,9,14,11,0,51.5,57683,11042,15.0,2.7
1998,7,8,23,14,42.6,56901,7529,4.1,3.3
1998,6,25,13,15,25.2,58237,5533,0.0,2.0
1998,6,16,12,29,18.3,58970,8507,0.0,1.1
1998,5,29,13,17,49.3,58194,6619,15.0,1.8
1998,5,23,20,58,44.3,56676,2704,10.0,2.6
1998,5,16,0,33,45.1,58794,2312,15.0,2.5
1998,4,20,22,48,58.9,56862,7541,6.4,2.9
1998,4,20,13,32,55.1,58806,5881,0.1,2.3
1998,4,7,11,33,0.5,57863,6992,0.9,2.0
1998,4,4,19,36,26.6,57261,6977,96.8,2.9
1998,3,24,14,18,47.0,58267,6341,0.0,2.4
1998,3,20,0,15,57.9,58185,8649,10.0,3.1
1998,3,19,4,15,4.4,58017,8035,15.0,1.7
1998,3,15,20,43,59.0,58545,8374,0.0,2.3
1998,2,10,8,30,33.1,57568,7479,15.0,2.8
1998,1,29,11,21,56.1,58953,5573,15.0,2.1
1998,1,28,15,41,50.9,58924,5632,5.4,1.8
1998,1,25,13,13,51.2,57648,6848,15.0,2.6
1998,1,8,3,6,59.3,56998,8580,1.8,2.2
1997,12,31,20,2,47.1,56702,2811,15.0,3.2
1997,12,26,17,28,22.2,58065,8307,15.0,2.6
1997,12,4,22,3,45.2,56911,7690,8.5,3.4
1997,11,19,9,48,28.5,56936,7520,15.0,2.9
1997,11,15,16,11,51.4,56863,7616,6.6,3.6
1997,11,11,14,15,34.5,58360,6160,9.7,1.9
1997,10,27,11,2,32.8,58906,13009,6.6,3.1
1997,10,24,16,8,20.2,58876,6064,0.0,2.5
1997,9,20,14,21,20.8,56941,12424,15.0,3.8
1997,8,28,13,18,37.2,58015,6327,15.0,2.4
1997,8,19,5,29,38.0,55776,11755,30.3,2.7
1997,8,15,12,30,1.7,58777,5314,11.8,1.0
1997,7,12,4,7,4.6,56507,2965,12.2,2.5
1997,7,11,13,13,50.3,58251,6425,8.3,2.8
1997,6,5,18,34,52.9,58759,15065,0.0,3.1
1997,6,4,8,39,54.4,57865,9136,29.9,2.6
1997,5,24,13,47,12.1,57943,8330,7.8,3.1
1997,5,13,0,7,16.7,58929,6502,1.0,1.8
1997,5,2,11,37,8.4,57133,6963,15.9,3.0
1997,4,28,13,33,9.5,58291,8145,0.0,2.3
1997,3,29,5,39,58.9,57954,8385,9.4,2.9
1997,2,20,15,1,10.0,56981,7853,15.0,3.0
1997,1,18,9,9,45.1,56141,3407,0.0,3.1
1997,1,8,14,27,14.8,58882,5691,6.1,1.5
1997,1,3,13,37,56.1,58960,5902,10.0,1.8
1996,12,19,13,8,46.5,58839,9469,3.7,2.0
1996,12,17,18,15,14.2,55578,12935,15.0,2.6
1996,11,21,16,9,49.3,57750,6575,15.0,2.5
1996,11,7,2,13,18.9,57534,6494,15.0,2.9
1996,9,18,17,39,38.8,55591,6334,0.1,2.3
1996,9,6,8,8,46.9,58172,11415,0.0,2.6
1996,8,28,13,19,49.7,54791,13915,2.9,2.6
1996,8,23,23,21,34.0,57322,7875,0.0,1.3
1996,8,1,20,55,3.6,55335,4751,15.0,3.0
1996,7,1,11,5,55.6,58282,5582,0.0,2.2
1996,6,19,8,23,55.1,55636,10265,5.5,2.6
1996,5,8,16,54,9.6,57695,9554,9.9,2.9
1996,5,5,8,38,7.6,57715,8224,0.0,2.0
1996,4,30,11,12,3.1,55796,7620,76.2,2.3
1996,4,29,18,36,0.9,55391,6802,15.0,2.3
1996,1,29,17,43,32.3,57660,6504,6.1,2.3
1996,1,29,16,30,22.4,58441,10367,0.0,2.5
1996,1,29,16,21,55.7,58399,10522,15.0,2.7
1995,11,30,5,23,52.4,55644,12255,24.8,2.5
1995,10,4,20,49,41.1,56775,12170,1.9,4.1
1995,8,22,12,13,34.8,58215,11203,4.3,2.5
1995,7,24,16,31,55.3,58927,6108,8.7,2.4
1995,5,30,4,0,16.8,56292,10724,28.9,3.4
1995,5,23,8,25,58.4,58410,10486,2.0,2.3
1995,5,23,7,45,34.8,58434,10488,0.1,2.6
1995,4,19,9,15,15.2,58410,10425,0.0,2.6
1995,2,2,21,26,9.5,57980,508,40.0,3.0
1995,2,1,21,33,0.0,58554,13679,0.9,3.4
1994,11,8,13,57,18.0,58767,5756,18.1,2.3
1994,11,2,14,57,36.1,56890,7972,19.3,3.2
1994,10,27,16,7,52.5,58314,6787,0.1,1.8
1994,10,18,18,38,18.2,55598,5055,0.2,4.1
1994,8,16,4,53,47.8,58953,2635,15.0,2.5
1994,6,7,12,5,23.8,58891,5793,15.0,2.2
1994,5,14,8,4,30.5,58379,1705,27.5,2.6
1994,2,10,9,5,6.2,58975,5888,0.1,2.2
1994,2,1,8,57,0.4,58368,10255,0.0,2.8
1993,12,13,8,59,31.5,55324,7082,0.0,3.3
1993,7,7,11,48,8.3,55578,4517,15.6,4.2
1993,4,6,6,41,5.5,58685,944,39.3,3.4
1993,3,6,1,26,45.6,57946,6754,62.4,3.3
1992,12,14,11,42,18.9,55120,13039,53.8,2.8
1992,9,28,13,30,49.9,54884,12734,14.2,3.1
1992,9,17,0,16,16.7,57043,6959,25.3,3.1
1992,8,31,18,25,53.6,55095,3901,40.2,3.2
1992,8,11,22,0,39.2,55221,10384,93.1,3.1
1992,5,18,5,28,34.4,57114,6685,15.0,3.3
1991,3,11,21,9,5.0,57320,9528,10.5,3.3
1990,8,30,21,43,59.6,57471,7437,4.0,2.0
1990,5,28,8,43,48.8,55044,13003,15.0,1.2
1990,5,24,9,51,56.9,56478,11931,10.0,3.2
1990,5,9,16,47,32.0,57650,12535,37.7,1.9
1989,11,23,14,12,37.7,58123,7702,14.9,1.7
1989,2,26,19,2,27.1,55273,11646,28.2,2.4
1989,1,20,9,33,47.5,57911,8362,15.0,4.2
1988,7,17,15,58,53.6,57110,7139,10.1,2.0
1988,7,17,12,51,47.9,56995,7693,18.7,2.6
1988,6,27,7,55,8.2,56764,11239,2.3,2.5
1988,3,31,2,56,6.5,56648,3144,15.0,2.9
1987,8,19,1,15,37.1,56958,8099,29.0,2.5
1986,12,14,0,43,15.8,58083,6664,0.0,3.2
1986,11,13,8,0,34.8,58287,7929,0.0,2.3
1986,11,2,7,47,57.8,58736,13681,10.0,3.8
1986,10,16,12,5,6.0,58845,10304,0.0,2.4
1986,7,16,5,16,12.6,58745,7367,30.5,2.0
1986,6,12,19,2,47.0,58922,5960,15.0,2.2
1986,6,11,15,38,42.9,58181,6741,0.0,2.4
1986,6,11,14,5,46.5,58055,7349,0.0,2.6
1986,4,9,8,26,46.9,57341,11562,0.0,2.9
1986,4,9,8,16,20.0,58055,11190,15.0,2.7
1986,4,1,9,56,53.5,56544,12183,7.2,4.1
1986,2,1,18,47,56.1,57631,7273,40.0,2.3
1985,6,15,0,40,20.5,56608,12190,9.1,4.7
1984,12,19,23,31,22.3,58305,9982,10.3,2.6
1984,12,19,23,28,35.1,58391,10216,15.0,2.8
1984,12,8,21,37,20.8,58138,7125,15.0,2.8
1984,4,16,1,47,13.4,55593,12118,40.8,1.9
1984,4,5,9,10,14.8,55193,13217,17.0,2.5
1983,12,18,21,25,19.0,56276,11855,0.0,2.0
1983,4,12,9,1,10.8,57309,6787,1.0,2.5
1982,11,1,2,48,10.4,56280,11823,3.4,3.5
1982,9,17,11,19,58.0,55733,11778,0.0,3.0
1982,7,7,13,48,43.7,55671,4734,0.0,3.3
1982,6,30,17,15,10.8,56061,15513,15.0,3.0
1982,5,24,3,10,20.9,56637,8214,41.4,3.7
1982,3,24,1,39,16.4,56184,12298,0.0,2.7
1982,2,15,14,10,55.8,55887,12282,6.2,3.4
1981,9,7,14,3,9.3,57055,7124,30.3,3.6
1981,9,6,4,11,59.8,57030,6880,40.0,3.9
1981,4,17,18,57,25.2,57707,7107,7.7,3.6
1980,12,12,21,53,32.4,57000,9909,36.4,3.1
1980,8,26,3,15,44.0,57861,15272,0.2,2.3
1980,1,21,7,41,32.8,56271,12155,10.2,3.9
1979,12,25,2,41,12.0,56702,8702,37.6,2.4
1979,2,20,9,59,53.0,57051,8132,15.0,3.2
1978,4,26,12,32,36.6,56746,7812,40.0,3.4
1975,11,12,0,6,19.3,57102,7141,40.0,3.7
1969,4,5,19,9,47.1,57155,6764,0.1,4.2
1967,8,21,13,41,49.3,57092,4593,15.0,4.5
1967,4,12,9,9,32.1,58459,10315,0.0,3.6
1964,7,14,5,33,56.7,57.03,7.2,36,4.0
1963,6,19,17,0,19.8,56270,11740,0.0,3.0
1954,10,18,16,44,32.2,56846,8291,25.5,4.6
1930,10,31,23,16,38.9,55665,12606,62.3,4.0
